스팟코드,스팟명,요구정보코드,연결경로
12748,"원진글로벌허브 | 성형외과 원장이 직접 시술하는 피부과",796,reserve
13204,"식당 예약 대행 서비스",796,reserve
13287,"진미식당 예약 대행 서비스",796,reserve
13315,"퍼스널컬러 컬러오브유",796,reserve
13359,"온6.5 (한식다이닝)",796,reserve
13378,"삼원가든 예약 대행 서비스",796,reserve
13379,"삼육가 본점 예약 대행 서비스",796,reserve
13387,"담쁨퍼스널컬러 성수점",796,reserve
13489,"퍼스널컬러 마이컬러랩",796,reserve
13558,"퍼스널컬러 한국패션심리연구원 청담본원",796,reserve
13559,"비비드강 퍼스널컬러",796,reserve
13570,"퍼스널컬러 컬러가산다 홍대동교센터",796,reserve
13575,"퍼스널컬러 CCL컬러이미지융합연구소",796,reserve
13581,"COCORY Color 연희본점 | 퍼스널컬러 분석& 체형& 메이크업& 패션 분석",796,reserve
13597,"이미지호 홍대점",796,reserve
13598,"토속촌 삼계탕 예약 대행 서비스",796,reserve
13645,"더봄(The Bom) 퍼스널컬러",796,reserve
13648,"K-Beauty 예약 대행 서비스",796,reserve
13714,"세상의모든아침 롯데월드몰점 (평일, 외국인 독점예약)",796,reserve
13767,"모클락 강남본점 | 셀럽이 찾는 프리미엄 헤드스파",796,reserve
13772,"더데이즈헤어 | 외국인 맞춤 맨즈헤어&디자인 컬러 헤어샵",796,reserve
13801,"콘피에르",796,reserve
13806,"[크리에이트립 단독] 시현하다 성수 플래그십점",796,reserve
13807,"[크리에이트립 단독] 시현하다 강남점",796,reserve
13812,"교촌필방 예약 대행 서비스",796,reserve
13819,"화해당 여의도점 예약 대행 서비스",796,reserve
13823,"[어학당] 한국어 튜터링 서비스 - Teacher Anne",796,reserve
13826,"[어학당] 한국어 튜터링 서비스 - 튜터 정지혜",796,reserve
13828,"[어학당] 한국어 튜터링 서비스(시범수업) - 튜터 정지혜",796,reserve
13835,"[어학당] 한국어 튜터링 서비스(시범수업) - Teacher Anne",796,reserve
13841,"[어학당] 한국어 튜터링 서비스 - 튜터 박성규",796,reserve
13854,"티켓&액티비티 예약 대행 서비스",796,reserve
13885,"오콜로르 여의도점",796,reserve
13888,"오콜로르 신사점",796,reserve
13918,"[크리에이트립 단독] 시현하다 홍대 스페이스",796,reserve
13982,"컬러룸(color lume)",796,reserve
14164,"컬러시그널",796,reserve
14215,"퍼스널컬러 한국패션심리연구원 부산지사",796,reserve
14276,"📍 이가자헤어 명동점 | 외국인 친화 후기 우수 헤어살롱",796,reserve
14286,"[어학당] 한국어 튜터링 서비스(시범수업) - 튜터 박성규",796,reserve
14290,"컬러시그널 (메이크업)",796,reserve
14292,"퍼스널컬러 한국패션심리연구원 청담본원 메이크업",796,reserve
14295,"뷰티스톤의원 | 1:1 최적의 맞춤 솔루션",796,reserve
14309,"휩드 나만의 팩클랜저 만들기",796,reserve
14321,"더봄(The Bom) 메이크업",796,reserve
14471,"이미지호 제주점",796,reserve
14475,"COCORY Color 홍대점 | 퍼스널컬러& 체형& 패션 분석",796,reserve
14497,"이미지호 퍼스널컬러 + 메이크업 클래스",796,reserve
14679,"파스텔무드 | 홍대 메이크업",796,reserve
14686,"단오풍정 (한옥점)",796,reserve
14687,"단오풍정 본점",796,reserve
14715,"컬러가산다 체형분석",796,reserve
14744,"세이안 연남",796,reserve
14797,"1인 세신샵 | 비단",796,reserve
14798,"1인 세신샵 | 수련",796,reserve
14805,"스파 헤움",796,reserve
14814,"세이안 동교",796,reserve
14823,"데일리앤스파",796,reserve
14852,"비비드휴 | 퍼스널컬러&체형진단",796,reserve
14876,"코코리아 | 명동 메이크업&퍼스널컬러",796,reserve
14882,"1인 세신샵 | 담다",796,reserve
14884,"에코쟈뎅 경복궁점 | 맞춤 토탈 메이크오버 헤어샵",796,item
14917,"풍천장어(연남동) 예약 대행 서비스",796,reserve
14971,"먼지나방 스토그래피 | 퍼스널컬러",796,reserve
14973,"먼지나방 스토그래피 | 사진촬영",796,reserve
14983,"남녀공용 1인 세신샵 | 슬릭",796,reserve
15009,"명동 퍼스널컬러 | 컬러라이즈 명동 본점",796,reserve
15013,"박준뷰티랩 강남점",796,reserve
15023,"명동 세신샵 | 1인세신샵 온아",796,reserve
15035,"강남 퍼스널컬러 | 웜앤쿨 퍼스널컬러진단 강남본점",796,reserve
15051,"리안헤어 블랙압구정로데오점",796,reserve
15055,"📍위닛 더 압구정",796,reserve
15064,"포르테의원 | 강남 1:1 피부미용",796,reserve
15070,"이철헤어커커 명동1호점",796,reserve
15074,"퍼스널컬러 컬러가산다 스타일업",796,reserve
15076,"디오레의원 | 리프팅 최저가",796,reserve
15110,"아티크레 부산서면점",796,reserve
15111,"로위 신촌점 | 프라이빗 헤어샵",796,reserve
15147,"MINE.D 마인디 잠실점",796,reserve
15153,"차홍룸 방배점",796,reserve
15171,"[크리에이트립 단독] 시현하다 당산 아카이브",796,reserve
15176,"청담어썸",796,reserve
15184,"COCORY Color 강남점 | 퍼스널컬러& 체형& 패션 분석",796,reserve
15186,"COCORY Color 명동점 | 퍼스널컬러& 체형& 패션 분석",796,reserve
15233,"강남 퍼스널컬러, 메이크업 컨설팅 | 채하 뷰티위드 퍼스널컬러 강남점",796,reserve
15239,"명동 세신샵 | 1인세신샵 온아 2호점",796,reserve
15253,"테이아의원 강남점 : 자체 개발 AI 진단",796,reserve
15262,"씨앤에스퍼스널컨설팅",796,reserve
15338,"휩드 성수 | 클래스&모델 체험하기",796,reserve
15344,"참하지외과 | 한국 No.1 하지정맥류 전문 병원",796,reserve
15359,"올뷰티 스튜디오 | 퍼스널컬러, 얼굴·골격 기반 이미지 컨설팅",796,reserve
15377,"컬러홀릭 퍼스널컬러 명동 | 퍼스널컬러부터 스타일링까지 한 번에",796,reserve
15383,"더즈 퍼스널컬러 합정 | 연예인도 선택한 퍼스널 컬러 & 스타일 컨설팅",796,reserve
15401,"엘블랑의원 | 100% 예약제 1:1 부산 프리미엄 병원",796,reserve
15412,"온스튜디오 | 정밀하고 체계적인 퍼스널컬러 진단",796,reserve
15413,"온스튜디오 | 퍼스널 컬러로 완성하는 맞춤 사진 촬영",796,reserve
15420,"세신샵 라힌 | 품격 있는 프라이빗 세신 경험",796,reserve
15462,"한국의집 고호재 | 고즈넉한 한옥에서 즐기는 전통 궁중다과",796,reserve
15494,"굿윌치과병원 | 부산 JCI 국제인증 치과",796,reserve
15495,"바로그의원 강남점 | 전반적인 고민을 해결해주는 가성비 클리닉",796,reserve
15500,"멜로우피부과의원 청담점 | 국가 공인 피부과 전문의",796,reserve
15501,"피부희다 장기점 | 김포공항 프라이빗 1인 세신샵",796,reserve
15540,"테라피부과의원 강남 | 프리미엄 피부과 전문 병원",796,reserve
15612,"콘피에르 셀렉션 롯데월드몰",796,reserve
15613,"콘피에르 셀렉션 광화문 그랑서울점",796,reserve
15617,"동대문 세신샵 | 1인세신샵 온아 동대문",796,reserve
15619,"제이엔비의원 신사점 | 신사역 피부과 리프팅·스킨부스터",796,reserve
15623,"셀린의원 명동점 | 외국어 상담이 가능한 명동 피부과",796,reserve
