스팟,상품,상품코드,옵션,옵션코드
"퍼스널컬러 컬러오브유","퍼스널컬러 (영어/중국어/일본어)","48637","",""
"퍼스널컬러 컬러오브유","퍼스널스타일 (영어/중국어/일본어)","48641","",""
"퍼스널컬러 컬러오브유","퍼스널 컬러&스타일링 (영어/중국어/일본어)","48644","",""
"퍼스널컬러 컬러오브유","","32712","1:1 (60분)","32715"
"퍼스널컬러 컬러오브유","","32712","1:2 (80분)","32716"
"퍼스널컬러 컬러오브유","","32712","1:3 (100분)","32717"
"퍼스널컬러 컬러오브유","","32713","1:1 (60분)","32718"
"퍼스널컬러 컬러오브유","","32713","1:2 (90분)","32719"
"퍼스널컬러 컬러오브유","","32714","1:1 (90분)","32720"
"퍼스널컬러 컬러오브유","","32714","1:2 (120분)","32721"
"퍼스널컬러 컬러오브유","","32722","1:1 (60분)","32725"
"퍼스널컬러 컬러오브유","","32722","1:2 (80분)","32726"
"퍼스널컬러 컬러오브유","","32722","1:3 (100분)","32727"
"퍼스널컬러 컬러오브유","","32723","1:1 (60분)","32728"
"퍼스널컬러 컬러오브유","","32723","1:2 (90분)","32729"
"퍼스널컬러 컬러오브유","","32724","1:1 (90분)","32730"
"퍼스널컬러 컬러오브유","","32724","1:2 (120분)","32731"
"퍼스널컬러 컬러오브유","","32732","1:1 (60분)","32735"
"퍼스널컬러 컬러오브유","","32732","1:2 (80분)","32736"
"퍼스널컬러 컬러오브유","","32732","1:3 (100분)","32737"
"퍼스널컬러 컬러오브유","","32733","1:1 (60분)","32738"
"퍼스널컬러 컬러오브유","","32733","1:2 (90분)","32739"
"퍼스널컬러 컬러오브유","","32734","1:1 (90분)","32740"
"퍼스널컬러 컬러오브유","","32734","1:2 (120분)","32741"
"퍼스널컬러 컬러오브유","퍼스널컬러 (영어/중국어/일본어)","48637","1:1 (50분)","48638"
"퍼스널컬러 컬러오브유","퍼스널컬러 (영어/중국어/일본어)","48637","1:2 (80분)","48639"
"퍼스널컬러 컬러오브유","퍼스널컬러 (영어/중국어/일본어)","48637","1:3 (100분)","48640"
"퍼스널컬러 컬러오브유","퍼스널스타일 (영어/중국어/일본어)","48641","1:1 (60분)","48642"
"퍼스널컬러 컬러오브유","퍼스널스타일 (영어/중국어/일본어)","48641","1:2 (90분)","48643"
"퍼스널컬러 컬러오브유","퍼스널 컬러&스타일링 (영어/중국어/일본어)","48644","1:1 (90분)","48645"
"퍼스널컬러 컬러오브유","퍼스널 컬러&스타일링 (영어/중국어/일본어)","48644","1:2 (120분)","48646"
"담쁨퍼스널컬러 성수점","컬러&스타일링 (프리미엄)","31672","",""
"담쁨퍼스널컬러 성수점","컬러&스타일링 (프리미엄)","31672","컬러&스타일링 - 영어 통역","31701"
"담쁨퍼스널컬러 성수점","컬러&스타일링 (프리미엄)","31672","컬러&스타일링 - 중국어 통역","31707"
"담쁨퍼스널컬러 성수점","컬러&스타일링 (프리미엄)","31672","컬러&스타일링 - 일본어 통역","32765"
"담쁨퍼스널컬러 성수점","컬러&스타일링 - 영어 통역","31701","1:1 컬러&스타일링 - 영어 통역 (45분)","31702"
"담쁨퍼스널컬러 성수점","컬러&스타일링 - 영어 통역","31701","1:2 컬러&스타일링 - 영어 통역 (90분)","31703"
"담쁨퍼스널컬러 성수점","컬러&스타일링 - 영어 통역","31701","1:3 컬러&스타일링 - 영어 통역 (105분)","31704"
"담쁨퍼스널컬러 성수점","컬러&스타일링 - 중국어 통역","31707","1:1 컬러&스타일링 - 중국어 통역 (45분)","31708"
"담쁨퍼스널컬러 성수점","컬러&스타일링 - 중국어 통역","31707","1:2 컬러&스타일링 - 중국어 통역 (90분)","31710"
"담쁨퍼스널컬러 성수점","컬러&스타일링 - 중국어 통역","31707","1:3 컬러&스타일링 - 중국어 통역 (105분)","31712"
"담쁨퍼스널컬러 성수점","컬러&스타일링 - 일본어 통역","32765","1:1 컬러&스타일링 - 일본어 통역 (45분)","32766"
"담쁨퍼스널컬러 성수점","컬러&스타일링 - 일본어 통역","32765","1:2 컬러&스타일링 - 일본어 통역 (90분)","32767"
"담쁨퍼스널컬러 성수점","컬러&스타일링 - 일본어 통역","32765","1:3 컬러&스타일링 - 일본어 통역 (105분)","32768"
"퍼스널컬러 마이컬러랩","BASIC","32600","",""
"퍼스널컬러 마이컬러랩","ADVANCED","32601","",""
"퍼스널컬러 마이컬러랩","BASIC","32600","1:1 (60분)","32602"
"퍼스널컬러 마이컬러랩","BASIC","32600","1:2 (90분)","32603"
"퍼스널컬러 마이컬러랩","BASIC","32600","1:3 (120분)","32604"
"퍼스널컬러 마이컬러랩","ADVANCED","32601","1:1 (90분)","32605"
"퍼스널컬러 마이컬러랩","ADVANCED","32601","1:2 (120분)","32606"
"퍼스널컬러 마이컬러랩","ADVANCED","32601","1:3 (140분)","32607"
"퍼스널컬러 CCL컬러이미지융합연구소","컬러+메이크업 클래스 (영어통역/중국어통역/일본어통역)","33359","",""
"COCORY Color 연희본점 | 퍼스널컬러 분석& 체형& 메이크업& 패션 분석","데일리 퍼스널컬러 1:1 | 30분 ","33427","",""
"COCORY Color 연희본점 | 퍼스널컬러 분석& 체형& 메이크업& 패션 분석","데일리 퍼스널컬러 1:2 | 50분","33428","",""
"COCORY Color 연희본점 | 퍼스널컬러 분석& 체형& 메이크업& 패션 분석","데일리 퍼스널컬러 1:3 | 70분","33429","",""
"이미지호 홍대점","스탠다드 퍼스널컬러 1인 (영어/중국어/일본어)","33649","",""
"세상의모든아침 롯데월드몰점 (평일, 외국인 독점예약)","일반석 예약 수수료 (1인, 방문 인원에 맞춰 아메리카노 제공)","34923","",""
"세상의모든아침 롯데월드몰점 (평일, 외국인 독점예약)","일반석 예약 수수료 (1인, 방문 인원에 맞춰 아메리카노 제공)","34923","대인 (8세 이상)","34925"
"세상의모든아침 롯데월드몰점 (평일, 외국인 독점예약)","일반석 예약 수수료 (1인, 방문 인원에 맞춰 아메리카노 제공)","34923","어린이 (36개월~7세, 어린이 식기 제공)","34926"
"세상의모든아침 롯데월드몰점 (평일, 외국인 독점예약)","일반석 예약 수수료 (1인, 방문 인원에 맞춰 아메리카노 제공)","34923","유아 (36개월 미만, 베이비체어 + 식기 제공)","34928"
"모클락 강남본점 | 셀럽이 찾는 프리미엄 헤드스파","Hair Loss Care","35027","",""
"모클락 강남본점 | 셀럽이 찾는 프리미엄 헤드스파","Power Scalp Scaling","35028","",""
"모클락 강남본점 | 셀럽이 찾는 프리미엄 헤드스파","Hair Loss Care","35027","보증금","35301"
"모클락 강남본점 | 셀럽이 찾는 프리미엄 헤드스파","Power Scalp Scaling","35028","보증금","35302"
"콘피에르","Lunch 테이블 : 1인당","35696","",""
"콘피에르","Lunch 룸(5-8인) : 룸당","35699","",""
"콘피에르","Dinner 테이블 : 1인당","35700","",""
"콘피에르","Dinner 룸(5-8인) : 룸당","35703","",""
"[크리에이트립 단독] 시현하다 성수 플래그십점","프리미엄 | 1시간 ~ 1시간 30분","55205","평일","55206"
"[크리에이트립 단독] 시현하다 성수 플래그십점","프리미엄 | 1시간 ~ 1시간 30분","55205","주말","55207"
"[크리에이트립 단독] 시현하다 강남점","프리미엄 | 1시간 ~ 1시간 30분","55219","평일","55220"
"[크리에이트립 단독] 시현하다 강남점","프리미엄 | 1시간 ~ 1시간 30분","55219","주말","55221"
"교촌필방 예약 대행 서비스","일반 예약｜인원 수에 맞는 구간 선택 필수","48395","",""
"교촌필방 예약 대행 서비스","오마카세 예약｜인원 수에 맞게 수량 선택 필수","48396","",""
"교촌필방 예약 대행 서비스","일반 예약｜인원 수에 맞는 구간 선택 필수","48395","[홀] 1~3인 ","48656"
"교촌필방 예약 대행 서비스","일반 예약｜인원 수에 맞는 구간 선택 필수","48395","[홀] 4~6인 ","48657"
"교촌필방 예약 대행 서비스","일반 예약｜인원 수에 맞는 구간 선택 필수","48395","[PDR룸] 6~8인 ","48658"
"교촌필방 예약 대행 서비스","오마카세 예약｜인원 수에 맞게 수량 선택 필수","48396","""치킨 오마카세"" (코스 금액 1인당 85,000원)","48399"
"교촌필방 예약 대행 서비스","오마카세 예약｜인원 수에 맞게 수량 선택 필수","48396","""문베어 수제맥주 페어링 치킨 오마카세"" (코스 금액 1인당 90,000원) ","48400"
"교촌필방 예약 대행 서비스","오마카세 예약｜인원 수에 맞게 수량 선택 필수","48396","""주류 페어링 치킨 오마카세"" (코스 금액 1인당 110,000원) ","48401"
"[어학당] 한국어 튜터링 서비스 - Teacher Anne","생활 한국어 코스","35947","",""
"[어학당] 한국어 튜터링 서비스 - Teacher Anne","TOPIK 준비 코스","35953","",""
"[어학당] 한국어 튜터링 서비스 - Teacher Anne","자유 주제 코스","35956","",""
"[어학당] 한국어 튜터링 서비스 - Teacher Anne","생활 한국어 코스","35947","30분 코스","35948"
"[어학당] 한국어 튜터링 서비스 - Teacher Anne","생활 한국어 코스","35947","60분 코스","35949"
"[어학당] 한국어 튜터링 서비스 - Teacher Anne","생활 한국어 코스","35947","생활 한국어 코스(30분) 5회 수업권","36754"
"[어학당] 한국어 튜터링 서비스 - Teacher Anne","TOPIK 준비 코스","35953","30분 코스","35954"
"[어학당] 한국어 튜터링 서비스 - Teacher Anne","TOPIK 준비 코스","35953","60분 코스","35955"
"[어학당] 한국어 튜터링 서비스 - Teacher Anne","TOPIK 준비 코스","35953","TOPIK 준비 코스(30분) 5회 수업권","36755"
"[어학당] 한국어 튜터링 서비스 - Teacher Anne","자유 주제 코스","35956","30분 코스","35957"
"[어학당] 한국어 튜터링 서비스 - Teacher Anne","자유 주제 코스","35956","60분 코스","35958"
"[어학당] 한국어 튜터링 서비스 - Teacher Anne","자유 주제 코스","35956","자유 주제 코스(30분) 5회 수업권","36756"
"[어학당] 한국어 튜터링 서비스 - 튜터 정지혜","생활 한국어 코스","35966","",""
"[어학당] 한국어 튜터링 서비스 - 튜터 정지혜","TOPIK 코스","35967","",""
"[어학당] 한국어 튜터링 서비스 - 튜터 정지혜","자유 주제 코스","35968","",""
"[어학당] 한국어 튜터링 서비스 - 튜터 정지혜","생활 한국어 코스","35966","30분 코스","35969"
"[어학당] 한국어 튜터링 서비스 - 튜터 정지혜","생활 한국어 코스","35966","60분 코스","35970"
"[어학당] 한국어 튜터링 서비스 - 튜터 정지혜","생활 한국어 코스","35966","생활 한국어 코스(30분) 5회 수업권","37029"
"[어학당] 한국어 튜터링 서비스 - 튜터 정지혜","TOPIK 코스","35967","30분 코스","35973"
"[어학당] 한국어 튜터링 서비스 - 튜터 정지혜","TOPIK 코스","35967","60분 코스","35974"
"[어학당] 한국어 튜터링 서비스 - 튜터 정지혜","자유 주제 코스","35968","30분 코스","35971"
"[어학당] 한국어 튜터링 서비스 - 튜터 정지혜","자유 주제 코스","35968","60분 코스","35972"
"[어학당] 한국어 튜터링 서비스 - 튜터 정지혜","자유 주제 코스","35968","자유 주제 코스(30분) 5회 수업권","37041"
"[어학당] 한국어 튜터링 서비스(시범수업) - 튜터 정지혜","한국어 튜터링 시범수업","35982","",""
"[어학당] 한국어 튜터링 서비스(시범수업) - Teacher Anne","시범수업 (30분)","35994","",""
"[어학당] 한국어 튜터링 서비스 - 튜터 박성규","생활 한국어 클래스","36028","",""
"[어학당] 한국어 튜터링 서비스 - 튜터 박성규","TOPIK 준비 클래스","36029","",""
"[어학당] 한국어 튜터링 서비스 - 튜터 박성규","자유 주제 클래스","36030","",""
"[어학당] 한국어 튜터링 서비스 - 튜터 박성규","생활 한국어 클래스","36028","30분 코스","36031"
"[어학당] 한국어 튜터링 서비스 - 튜터 박성규","생활 한국어 클래스","36028","60분 코스","36032"
"[어학당] 한국어 튜터링 서비스 - 튜터 박성규","TOPIK 준비 클래스","36029","30분 코스","36033"
"[어학당] 한국어 튜터링 서비스 - 튜터 박성규","TOPIK 준비 클래스","36029","60분 코스","36034"
"[어학당] 한국어 튜터링 서비스 - 튜터 박성규","자유 주제 클래스","36030","30분 코스","36035"
"[어학당] 한국어 튜터링 서비스 - 튜터 박성규","자유 주제 클래스","36030","60분 코스","36036"
"오콜로르 여의도점","커플 스탠다드 1:2 (90분)","36502","",""
"[크리에이트립 단독] 시현하다 홍대 스페이스","프리미엄 | 1시간 ~ 1시간 30분","55170","평일","55171"
"[크리에이트립 단독] 시현하다 홍대 스페이스","프리미엄 | 1시간 ~ 1시간 30분","55170","주말","55172"
"📍 이가자헤어 명동점 | 외국인 친화 후기 우수 헤어살롱","Energe spa  (Full scalp care + waterfall + head masage + Scalp Diagnosis+Hair Mask+simple styling) (80분)","39451","",""
"📍 이가자헤어 명동점 | 외국인 친화 후기 우수 헤어살롱","릴렉싱 헤드스파 (scalp cleaning + relaxing Head massage + Nutrition mask)(60분)","39452","",""
"📍 이가자헤어 명동점 | 외국인 친화 후기 우수 헤어살롱","염색 + 스타일링 (90분)","39453","",""
"📍 이가자헤어 명동점 | 외국인 친화 후기 우수 헤어살롱","베이직펌+컷트 (120분)","39454","",""
"📍 이가자헤어 명동점 | 외국인 친화 후기 우수 헤어살롱","디지털 열펌+컷트 (150분)","39455","",""
"📍 이가자헤어 명동점 | 외국인 친화 후기 우수 헤어살롱","남자스타일펌+컷트 (120분)","39456","",""
"📍 이가자헤어 명동점 | 외국인 친화 후기 우수 헤어살롱","커트 (60분)","39457","",""
"📍 이가자헤어 명동점 | 외국인 친화 후기 우수 헤어살롱","Energe spa  (Full scalp care + waterfall + head masage + Scalp Diagnosis+Hair Mask+simple styling) (80분)","39451","보증금","39458"
"📍 이가자헤어 명동점 | 외국인 친화 후기 우수 헤어살롱","릴렉싱 헤드스파 (scalp cleaning + relaxing Head massage + Nutrition mask)(60분)","39452","보증금","39459"
"📍 이가자헤어 명동점 | 외국인 친화 후기 우수 헤어살롱","염색 + 스타일링 (90분)","39453","보증금","39460"
"📍 이가자헤어 명동점 | 외국인 친화 후기 우수 헤어살롱","베이직펌+컷트 (120분)","39454","보증금","39461"
"📍 이가자헤어 명동점 | 외국인 친화 후기 우수 헤어살롱","디지털 열펌+컷트 (150분)","39455","보증금","39462"
"📍 이가자헤어 명동점 | 외국인 친화 후기 우수 헤어살롱","남자스타일펌+컷트 (120분)","39456","보증금","39464"
"📍 이가자헤어 명동점 | 외국인 친화 후기 우수 헤어살롱","커트 (60분)","39457","보증금","39463"
"[어학당] 한국어 튜터링 서비스(시범수업) - 튜터 박성규","Trial Lesson","39553","",""
"휩드 나만의 팩클랜저 만들기","휩드 나만의 팩클랜저 만들기 (60분) + 아이즈유 전문 작가 촬영 - 1인","54329","",""
"이미지호 제주점","스탠다드 퍼스널컬러 1인 (영어/중국어/일본어)","51206","",""
"코코리아 | 명동 메이크업&퍼스널컬러","원데이 메이크업 클래스 1:1 + 헤어스타일링(기본 드라이) + 30,000₩ 오프라인 쿠폰 | 100~120분","51383","",""
"코코리아 | 명동 메이크업&퍼스널컬러","원데이 메이크업 클래스 1:2 + 헤어스타일링(기본 드라이) + 30,000₩ 오프라인 쿠폰 | 100~120분","51384","",""
"코코리아 | 명동 메이크업&퍼스널컬러","[14:00-17:00] 해피아워 내추럴 헤어&메이크업 + 5,000₩ 오프라인 쿠폰 | 60분","51817","",""
"코코리아 | 명동 메이크업&퍼스널컬러","퍼스널컬러 베이직 코스 | 20분","53935","",""
"코코리아 | 명동 메이크업&퍼스널컬러","[14:00-17:00] 해피아워 K-pop Idol 헤어&메이크업 + 5,000₩ 오프라인 쿠폰 | 60분","55906","",""
"리안헤어 블랙압구정로데오점","프레쉬 헤드스파 60분 (아윤채 두피 스케일링+미스트+두피마사지기+손지압+두피팩+도히스파)","50266","",""
"리안헤어 블랙압구정로데오점","두피 디톡스 30분 (두피스케일링+미스트+손지압+두피팩)","50267","",""
"리안헤어 블랙압구정로데오점","모발 글로시 케어 40분 (클리닉샴푸+수분+단백질+유분+팩+에센스오일)","50268","",""
"리안헤어 블랙압구정로데오점","모발 무드글로우 케어 90분 (시세이도 6단계 풀케어 모발 클리닉)","50269","",""
"리안헤어 블랙압구정로데오점","프리미엄 전체염색 90분 (염색+스타일링)","50272","",""
"리안헤어 블랙압구정로데오점","디자인 컬러 120분 (염색+스타일링)","50273","",""
"리안헤어 블랙압구정로데오점","전체 탈색 (염색+스타일링) 180분","50274","",""
"리안헤어 블랙압구정로데오점","코지펌 (디자인펌) 90분 (디자인펌+컷)","50275","",""
"리안헤어 블랙압구정로데오점","에어펌 120분 (셋팅펌+컷)","50276","",""
"리안헤어 블랙압구정로데오점","무드펌 140분 (매직/볼륨매직+컷)","50277","",""
"리안헤어 블랙압구정로데오점","글로우펌 180분 (매직셋팅+컷)","50278","",""
"📍위닛 더 압구정","남성 베이직 펌 | 60분","50297","",""
"📍위닛 더 압구정","여성 베이직 펌 | 120분","50298","",""
"📍위닛 더 압구정","뿌리 매직 | 60분","50299","",""
"📍위닛 더 압구정","전체 매직 | 120분","50300","",""
"📍위닛 더 압구정","뿌리 염색 | 60분","50301","",""
"📍위닛 더 압구정","뿌리 탈색 | 120분","50303","",""
"📍위닛 더 압구정","전체 탈색 | 240분","50304","",""
"📍위닛 더 압구정","남성 전체 염색 | 60분","50305","",""
"📍위닛 더 압구정","여성 전체 염색 | 120분","50306","",""
"📍위닛 더 압구정","베이직 크리닉 | 60분","50307","",""
"📍위닛 더 압구정","프리미엄 크리닉 | 60분","50308","",""
"📍위닛 더 압구정","스페셜 크리닉 | 60분","50309","",""
"📍위닛 더 압구정","남성 베이직 펌 | 60분","50297","보증금","50312"
"📍위닛 더 압구정","여성 베이직 펌 | 120분","50298","보증금","50313"
"📍위닛 더 압구정","뿌리 매직 | 60분","50299","보증금","50314"
"📍위닛 더 압구정","전체 매직 | 120분","50300","보증금","50315"
"📍위닛 더 압구정","뿌리 염색 | 60분","50301","보증금","50316"
"📍위닛 더 압구정","뿌리 탈색 | 120분","50303","보증금","50318"
"📍위닛 더 압구정","전체 탈색 | 240분","50304","보증금","50319"
"📍위닛 더 압구정","남성 전체 염색 | 60분","50305","보증금","50320"
"📍위닛 더 압구정","여성 전체 염색 | 120분","50306","보증금","50321"
"📍위닛 더 압구정","베이직 크리닉 | 60분","50307","보증금","50322"
"📍위닛 더 압구정","프리미엄 크리닉 | 60분","50308","보증금","50323"
"📍위닛 더 압구정","스페셜 크리닉 | 60분","50309","보증금","50324"
"아티크레 부산서면점","컷트 + 염색(기본) | 2시간","50841","",""
"아티크레 부산서면점","컷트 + 염색 + 펌 + 모발 트리트먼트 | 3시간","50842","",""
"아티크레 부산서면점","케라틴트리트먼트+컷트 | 3시간","50843","",""
"아티크레 부산서면점","컷트 + 염색 + 모발 트리트먼트 | 3시간","50844","",""
"아티크레 부산서면점","컷트 + 펌 + 모발 트리트먼트 | 3시간","50845","",""
"아티크레 부산서면점","컷트 + 모발 트리트먼트 | 1시간 30분","50846","",""
"아티크레 부산서면점","컷트 + 염색(기본) | 2시간","50841","보증금","50848"
"아티크레 부산서면점","컷트 + 염색 + 펌 + 모발 트리트먼트 | 3시간","50842","보증금","50849"
"아티크레 부산서면점","케라틴트리트먼트+컷트 | 3시간","50843","보증금","50850"
"아티크레 부산서면점","컷트 + 염색 + 모발 트리트먼트 | 3시간","50844","보증금","50851"
"아티크레 부산서면점","컷트 + 펌 + 모발 트리트먼트 | 3시간","50845","보증금","50852"
"아티크레 부산서면점","컷트 + 모발 트리트먼트 | 1시간 30분","50846","보증금","50853"
"MINE.D 마인디 잠실점","디자인 콜드펌(컷 포함, 단발 기준) | 150~180분","51257","",""
"MINE.D 마인디 잠실점","디자인 히팅펌(컷 포함, 단발 기준) | 150~180분","51258","",""
"MINE.D 마인디 잠실점","디자인 컷+염색(숏 기준, 기장 추가 별도) | 60~90분","51259","",""
"MINE.D 마인디 잠실점","염색 (숏 기준, 기장 추가 별도) | 60~90분","51260","",""
"MINE.D 마인디 잠실점","프리미엄 모발 클리닉(기장 추가금 없음) *안마 베드 사용 가능 | 60~90분","51261","",""
"MINE.D 마인디 잠실점","프리미엄 두피 클리닉 *안마 베드 사용 가능 | 60분 이내","51262","",""
"MINE.D 마인디 잠실점","디자인 콜드펌(컷 포함, 단발 기준) | 150~180분","51257","보증금","51264"
"MINE.D 마인디 잠실점","디자인 히팅펌(컷 포함, 단발 기준) | 150~180분","51258","보증금","51265"
"MINE.D 마인디 잠실점","디자인 컷+염색(숏 기준, 기장 추가 별도) | 60~90분","51259","보증금","51266"
"MINE.D 마인디 잠실점","염색 (숏 기준, 기장 추가 별도) | 60~90분","51260","보증금","51267"
"MINE.D 마인디 잠실점","프리미엄 모발 클리닉(기장 추가금 없음) *안마 베드 사용 가능 | 60~90분","51261","보증금","51268"
"MINE.D 마인디 잠실점","프리미엄 두피 클리닉 *안마 베드 사용 가능 | 60분 이내","51262","보증금","51269"
"차홍룸 방배점","염색 | 120분","51336","",""
"차홍룸 방배점","단발펌 + 커트 | 150분 ~ 180분","51337","",""
"차홍룸 방배점","롱펌 + 커트 | 180분","51338","",""
"차홍룸 방배점","맨즈펌 + 커트 | 120분","51339","",""
"차홍룸 방배점","염색 | 120분","51336","보증금","51343"
"차홍룸 방배점","단발펌 + 커트 | 150분 ~ 180분","51337","보증금","51344"
"차홍룸 방배점","롱펌 + 커트 | 180분","51338","보증금","51345"
"차홍룸 방배점","맨즈펌 + 커트 | 120분","51339","보증금","51346"
"[크리에이트립 단독] 시현하다 당산 아카이브","프리미엄 | 1시간 ~ 1시간 30분","55224","평일","55225"
"[크리에이트립 단독] 시현하다 당산 아카이브","프리미엄 | 1시간 ~ 1시간 30분","55224","주말","55226"
"청담어썸","K-뷰티 헤어 메이크업 (여자) | 90-120분","51649","",""
"청담어썸","K-뷰티 메이크업 (여자) | 60-90분","51650","",""
"청담어썸","K-뷰티 헤어 스타일링 (여자) | 30분","51651","",""
"청담어썸","K-뷰티 헤어 메이크업 (남자) | 60분","51652","",""
"청담어썸","K-뷰티 메이크업 클래스 (여자) | 60분","51653","",""
"청담어썸","컷트(여자)+드라이+샴푸 | 60분","51654","",""
"청담어썸","컷트(남자)+드라이+샴푸 | 60분","51655","",""
"청담어썸","컷트+다운펌(남자) | 90분","51656","",""
"청담어썸","염색 | 120분","51657","",""
"청담어썸","퍼스널컬러 진단 (1:1) | 60분","51658","",""
"청담어썸","K-뷰티 헤어 메이크업 (여자) | 90-120분","51649","8:00 얼리예약","51659"
"청담어썸","K-뷰티 헤어 메이크업 (여자) | 90-120분","51649","9:00 얼리예약","51660"
"청담어썸","K-뷰티 헤어 메이크업 (여자) | 90-120분","51649","10:00~ 일반예약","51661"
"청담어썸","K-뷰티 메이크업 (여자) | 60-90분","51650","8:00 얼리예약","51662"
"청담어썸","K-뷰티 메이크업 (여자) | 60-90분","51650","9:00 얼리예약","51663"
"청담어썸","K-뷰티 메이크업 (여자) | 60-90분","51650","10:00~ 일반예약","51664"
"청담어썸","K-뷰티 헤어 스타일링 (여자) | 30분","51651","8:00 얼리예약","51665"
"청담어썸","K-뷰티 헤어 스타일링 (여자) | 30분","51651","9:00 얼리예약","51666"
"청담어썸","K-뷰티 헤어 스타일링 (여자) | 30분","51651","10:00~ 일반예약","51667"
"청담어썸","K-뷰티 헤어 메이크업 (남자) | 60분","51652","8:00 얼리예약","51668"
"청담어썸","K-뷰티 헤어 메이크업 (남자) | 60분","51652","9:00 얼리예약","51669"
"청담어썸","K-뷰티 헤어 메이크업 (남자) | 60분","51652","10:00~ 일반예약","51670"
"청담어썸","K-뷰티 메이크업 클래스 (여자) | 60분","51653","8:00 얼리예약","51671"
"청담어썸","K-뷰티 메이크업 클래스 (여자) | 60분","51653","9:00 얼리예약","51672"
"청담어썸","K-뷰티 메이크업 클래스 (여자) | 60분","51653","10:00~ 일반예약","51673"
"COCORY Color 강남점 | 퍼스널컬러& 체형& 패션 분석","퍼스널컬러 + 베스트 옵션 패키지 1:1 | 60분","51742","",""
"한국의집 고호재 | 고즈넉한 한옥에서 즐기는 전통 궁중다과","[여름 메뉴] 1인 다과상 + 시그니처 차 | 1인","56017","",""
"한국의집 고호재 | 고즈넉한 한옥에서 즐기는 전통 궁중다과","[여름 메뉴] 1인 다과상 + 계절차 | 1인","56018","",""
"한국의집 고호재 | 고즈넉한 한옥에서 즐기는 전통 궁중다과","[여름 메뉴] 1인 다과상 + 시그니처 차 + (추가메뉴) 송화참외빙수 | 1인","57561","",""
"한국의집 고호재 | 고즈넉한 한옥에서 즐기는 전통 궁중다과","[여름 메뉴] 1인 다과상 + 계절차 + (추가메뉴) 송화참외빙수 | 1인","57562","",""
"한국의집 고호재 | 고즈넉한 한옥에서 즐기는 전통 궁중다과","한여름 밤의 고호재 다과상 (주류 페어링 포함)｜운영 기간: 2026.06.20(토) ~ 08.29(토)","57781","",""
"멜로우피부과의원 청담점 | 국가 공인 피부과 전문의","[Creatrip 단독 패키지] 리프팅 | 울쎄라피 프라임 | 90분","56506","",""
"멜로우피부과의원 청담점 | 국가 공인 피부과 전문의","[Creatrip 단독 패키지] 리프팅 | 써마지 패키지 | 30분","56508","",""
"멜로우피부과의원 청담점 | 국가 공인 피부과 전문의","[Creatrip 단독 패키지] 리프팅 | 온다(ONDA) 패키지 | 60분","56510","",""
"멜로우피부과의원 청담점 | 국가 공인 피부과 전문의","[Creatrip 단독 패키지] 스킨부스터 | 쥬베룩 볼륨 패키지 | 60분","56518","",""
"멜로우피부과의원 청담점 | 국가 공인 피부과 전문의","[Creatrip 단독 패키지] 리프팅 | 울쎄라피 프라임 | 90분","56506","무료예약","56507"
"멜로우피부과의원 청담점 | 국가 공인 피부과 전문의","[Creatrip 단독 패키지] 리프팅 | 써마지 패키지 | 30분","56508","무료예약","56509"
"멜로우피부과의원 청담점 | 국가 공인 피부과 전문의","[Creatrip 단독 패키지] 리프팅 | 온다(ONDA) 패키지 | 60분","56510","무료예약","56511"
"멜로우피부과의원 청담점 | 국가 공인 피부과 전문의","[Creatrip 단독 패키지] 스킨부스터 | 쥬베룩 볼륨 패키지 | 60분","56518","무료예약","56519"
"콘피에르 셀렉션 롯데월드몰","예약금 : 1인당","57730","",""
