place,posts,pct_of_region,in_title
Seoul,4027,72.5,1765
Busan,1506,27.1,634
Jeju,841,15.1,437
Myeongdong,528,9.5,117
Hongdae,450,8.1,101
Gyeongju,362,6.5,103
Gyeongbokgung/Palaces,356,6.4,25
Gangnam,300,5.4,65
Jeju Olle/Hallasan,219,3.9,20
DMZ/JSA,210,3.8,59
Namsan/N Seoul Tower,209,3.8,22
Chuncheon/Nami,183,3.3,41
Bukchon Hanok,173,3.1,6
Insadong,158,2.8,11
Itaewon,152,2.7,24
Haeundae,151,2.7,30
Jeonju,151,2.7,37
Nami Island,146,2.6,29
Lotte World,140,2.5,29
Dongdaemun,139,2.5,19
Suwon,115,2.1,24
Sokcho,108,1.9,26
Gamcheon Village,104,1.9,5
Seongsu,93,1.7,8
Gwangjang Market,82,1.5,2
Daegu,78,1.4,27
Gwangalli,69,1.2,7
Andong,63,1.1,19
Gangneung,58,1.0,23
Everland,48,0.9,24
Incheon (city),43,0.8,4
Yeosu,27,0.5,9
Ikseondong,27,0.5,0
Tongyeong,10,0.2,3
Pyeongchang,2,0.0,1
