theme,posts,pct_of_all,in_title,in_description
Destinations - Seoul,4463,44.6,2064,3700
Itinerary & Trip Planning,4328,43.3,1413,3909
Transport & Getting Around,4315,43.1,2087,3766
Money / Budget / Cash & Cards,3716,37.2,944,3437
Tours & Activities / Experiences,2661,26.6,645,2413
Weather & Season / Packing,2656,26.6,805,2398
Food & Dining,2575,25.8,692,2361
Accommodation,2305,23.1,589,2133
Shopping & Cosmetics,2278,22.8,706,2038
Safety / Solo / Etiquette,1547,15.5,431,1357
Destinations - Busan,1515,15.2,647,1308
K-pop / Concerts / Fan,1482,14.8,385,1358
Other Cities & Regions,968,9.7,362,875
SIM / eSIM / Connectivity,843,8.4,201,789
Visa & Entry / K-ETA,843,8.4,263,711
Destinations - Jeju,841,8.4,437,719
Language & Communication,699,7.0,87,663
Luggage / Storage,511,5.1,184,460
Medical / Health / Insurance,291,2.9,65,270
