region_name,gu_code,gu_name,dong_code,dong_name,spot_cnt
감천동,26380,사하구,26380108,감천동,24
건대,11215,광진구,11215105,자양동,18
건대,11215,광진구,11215107,화양동,16
건대,11215,광진구,11215109,군자동,3
건대,11140,중구,11140110,수표동,2
건대,11215,광진구,11215103,구의동,2
건대,11110,종로구,11110136,인사동,1
건대,11200,성동구,11200115,성수동2가,1
건대,11215,광진구,11215104,광장동,1
경복궁,11110,종로구,11110107,적선동,24
경복궁,11110,종로구,11110106,통의동,18
경복궁,11110,종로구,11110108,통인동,12
경복궁,11110,종로구,11110119,세종로,9
경복궁,11110,종로구,11110143,화동,7
경복궁,11110,종로구,11110112,체부동,5
경복궁,11110,종로구,11110141,안국동,5
경복궁,11110,종로구,11110111,옥인동,4
경복궁,11110,종로구,11110132,운니동,4
경복궁,11110,종로구,11110139,팔판동,4
경복궁,11110,종로구,11110142,소격동,4
경복궁,11110,종로구,11110147,재동,3
경복궁,11110,종로구,11110184,부암동,3
경복궁,11410,서대문구,11410109,현저동,3
경복궁,11110,종로구,11110128,관훈동,2
경복궁,11110,종로구,11110148,계동,2
경복궁,11410,서대문구,11410108,영천동,2
경복궁,11110,종로구,11110105,창성동,1
경복궁,11110,종로구,11110110,누하동,1
경복궁,11110,종로구,11110113,필운동,1
경복궁,11110,종로구,11110114,내자동,1
경복궁,11110,종로구,11110118,내수동,1
경복궁,11110,종로구,11110124,수송동,1
경복궁,11110,종로구,11110130,와룡동,1
경복궁,11110,종로구,11110134,경운동,1
경복궁,11110,종로구,11110135,관철동,1
경복궁,11110,종로구,11110140,삼청동,1
경복궁,11110,종로구,11110146,가회동,1
경복궁,11140,중구,11140137,필동1가,1
경복궁,11410,서대문구,11410105,냉천동,1
경복궁,11650,서초구,11650102,양재동,1
경복궁,11680,강남구,11680101,역삼동,1
경복궁,28110,중구,28110147,운서동,1
경복궁,41135,성남시 분당구,41135108,판교동,1
광안리,26500,수영구,26500104,광안동,12
광안리,26500,수영구,26500103,민락동,7
광안리,26500,수영구,26500105,남천동,5
광안리,11140,중구,11140110,수표동,2
광안리,26350,해운대구,26350105,우동,1
광안리,26350,해운대구,26350108,송정동,1
광화문,11110,종로구,11110122,청진동,5
광화문,11110,종로구,11110117,당주동,3
광화문,11110,종로구,11110118,내수동,3
광화문,11110,종로구,11110124,수송동,3
광화문,11110,종로구,11110126,종로1가,2
광화문,11140,중구,11140102,다동,2
광화문,11110,종로구,11110120,신문로1가,1
광화문,11110,종로구,11110123,서린동,1
광화문,11110,종로구,11110125,중학동,1
광화문,11110,종로구,11110142,소격동,1
광화문,11140,중구,11140103,태평로1가,1
광화문,11410,서대문구,11410101,충정로2가,1
광화문,11680,강남구,11680101,역삼동,1
김포공항,11500,강서구,11500105,마곡동,1
김포공항,41570,김포시,41570104,장기동,1
남대문,11140,중구,11140112,남창동,2
남대문,11140,중구,11140116,남대문로3가,1
남대문,11140,중구,11140118,남대문로5가,1
남대문,11140,중구,11140166,서소문동,1
남산,11170,용산구,11170102,용산동2가,7
남산,11140,중구,11140121,회현동1가,2
남산,11140,중구,11140129,남산동2가,2
남산,11140,중구,11140142,예장동,2
남산,11140,중구,11140123,회현동3가,1
남산,11140,중구,11140128,남산동1가,1
남산,11140,중구,11140137,필동1가,1
남산,11170,용산구,11170130,이태원동,1
남포동,26110,중구,26110134,광복동2가,17
남포동,26110,중구,26110138,남포동3가,8
남포동,26110,중구,26110137,남포동2가,6
남포동,26110,중구,26110140,남포동5가,6
남포동,26110,중구,26110141,남포동6가,6
남포동,26110,중구,26110124,부평동2가,5
남포동,26110,중구,26110111,동광동1가,4
남포동,26110,중구,26110120,보수동1가,4
남포동,26110,중구,26110123,부평동1가,4
남포동,26110,중구,26110131,창선동1가,4
남포동,26110,중구,26110110,중앙동7가,3
남포동,26110,중구,26110127,신창동1가,3
남포동,26110,중구,26110133,광복동1가,3
남포동,26110,중구,26110136,남포동1가,3
남포동,26110,중구,26110113,동광동3가,2
남포동,26110,중구,26110130,신창동4가,2
남포동,26110,중구,26110107,중앙동4가,1
남포동,26110,중구,26110109,중앙동6가,1
남포동,26110,중구,26110116,대청동1가,1
남포동,26110,중구,26110117,대청동2가,1
남포동,26110,중구,26110126,부평동4가,1
남포동,26110,중구,26110132,창선동2가,1
남포동,26110,중구,26110135,광복동3가,1
남포동,26110,중구,26110139,남포동4가,1
노량진,11590,동작구,11590101,노량진동,12
노량진,11140,중구,11140110,수표동,1
노량진,11590,동작구,11590103,상도1동,1
노량진,11590,동작구,11590105,흑석동,1
동성로,27110,중구,27110119,동성로3가,2
동성로,27110,중구,27110105,삼덕동1가,1
동성로,27110,중구,27110122,공평동,1
망원동,11440,마포구,11440123,망원동,29
망원동,11440,마포구,11440120,서교동,3
망원동,11440,마포구,11440122,합정동,1
명동,11140,중구,11140127,명동2가,63
명동,11140,중구,11140124,충무로1가,59
명동,11140,중구,11140125,충무로2가,50
명동,11140,중구,11140126,명동1가,26
명동,11140,중구,11140105,을지로2가,25
명동,11140,중구,11140129,남산동2가,9
명동,11140,중구,11140111,소공동,6
명동,11140,중구,11140115,남대문로2가,5
명동,11140,중구,11140102,다동,4
명동,11140,중구,11140128,남산동1가,4
명동,11140,중구,11140130,남산동3가,4
명동,11140,중구,11140110,수표동,3
명동,11140,중구,11140123,회현동3가,3
명동,11140,중구,11140121,회현동1가,2
명동,11140,중구,11140131,저동1가,2
명동,11440,마포구,11440121,동교동,2
명동,11110,종로구,11110174,창신동,1
명동,11140,중구,11140101,무교동,1
명동,11140,중구,11140104,을지로1가,1
명동,11140,중구,11140122,회현동2가,1
명동,11140,중구,11140135,예관동,1
명동,11140,중구,11140155,을지로3가,1
명동,11140,중구,11140161,저동2가,1
명동,11140,중구,11140162,신당동,1
명동,11560,영등포구,11560105,영등포동4가,1
명동,28110,중구,28110147,운서동,1
부산역,26170,동구,26170101,초량동,19
부산역,26110,중구,26110107,중앙동4가,1
부산역,26230,부산진구,26230108,부암동,1
부산역,47750,청송군,47750315,주왕산면,1
북촌,11110,종로구,11110143,화동,4
북촌,11110,종로구,11110141,안국동,3
북촌,11110,종로구,11110115,사직동,1
북촌,11110,종로구,11110146,가회동,1
북촌,11110,종로구,11110147,재동,1
북촌,11110,종로구,11110148,계동,1
삼성동,11680,강남구,11680105,삼성동,13
삼성동,11680,강남구,11680101,역삼동,1
삼성동,11680,강남구,11680106,대치동,1
삼청동,11110,종로구,11110140,삼청동,7
삼청동,11110,종로구,11110143,화동,5
삼청동,11110,종로구,11110142,소격동,4
삼청동,11110,종로구,11110141,안국동,3
삼청동,11110,종로구,11110139,팔판동,2
삼청동,11140,중구,11140102,다동,1
삼청동,11140,중구,11140110,수표동,1
삼청동,11680,강남구,11680105,삼성동,1
서면,26230,부산진구,26230103,부전동,63
서면,26230,부산진구,26230102,전포동,25
서면,26380,사하구,26380105,장림동,2
서면,26230,부산진구,26230104,범천동,1
서면,26230,부산진구,26230108,부암동,1
서면,26290,남구,26290109,문현동,1
서면,26380,사하구,26380106,다대동,1
서울대입구,11620,관악구,11620101,봉천동,3
서울역,11140,중구,11140120,봉래동2가,7
서울역,11170,용산구,11170107,동자동,5
서울역,11140,중구,11140118,남대문로5가,4
서울역,11620,관악구,11620101,봉천동,4
서울역,11620,관악구,11620102,신림동,3
서울역,11170,용산구,11170108,서계동,2
서울역,11170,용산구,11170110,청파동2가,2
서울역,11170,용산구,11170111,청파동3가,2
서울역,11140,중구,11140119,봉래동1가,1
서울역,11140,중구,11140167,정동,1
서울역,11140,중구,11140173,만리동1가,1
서울역,11170,용산구,11170101,후암동,1
서울역,11170,용산구,11170104,갈월동,1
서촌,11110,종로구,11110108,통인동,11
서촌,11110,종로구,11110107,적선동,3
서촌,11110,종로구,11110111,옥인동,3
서촌,11110,종로구,11110184,부암동,3
서촌,11110,종로구,11110112,체부동,2
서촌,11110,종로구,11110105,창성동,1
서촌,11110,종로구,11110106,통의동,1
서촌,11110,종로구,11110110,누하동,1
서촌,11110,종로구,11110113,필운동,1
성수동,11200,성동구,11200114,성수동1가,53
성수동,11200,성동구,11200115,성수동2가,50
송도,28185,연수구,28185106,송도동,9
송도,26140,서구,26140124,암남동,3
송도,11140,중구,11140110,수표동,2
신사동,11680,강남구,11680107,신사동,61
신사동,11680,강남구,11680108,논현동,7
신사동,11650,서초구,11650106,잠원동,5
신사동,11140,중구,11140110,수표동,1
신사동,11650,서초구,11650108,서초동,1
신사동,11680,강남구,11680101,역삼동,1
신촌,11410,서대문구,11410116,창천동,86
신촌,11440,마포구,11440110,노고산동,12
신촌,11410,서대문구,11410112,대현동,2
신촌,11410,서대문구,11410113,대신동,2
신촌,11410,서대문구,11410114,신촌동,2
신촌,11410,서대문구,11410115,봉원동,2
신촌,11140,중구,11140102,다동,1
신촌,11410,서대문구,11410110,북아현동,1
신촌,11440,마포구,11440111,신수동,1
신촌,11440,마포구,11440120,서교동,1
안국,11110,종로구,11110148,계동,3
안국,11110,종로구,11110141,안국동,2
안국,11110,종로구,11110131,권농동,1
안국,11110,종로구,11110147,재동,1
여의도,11560,영등포구,11560110,여의도동,43
여의도,11560,영등포구,11560132,신길동,1
연남동,11440,마포구,11440124,연남동,44
연남동,11440,마포구,11440121,동교동,16
연남동,11410,서대문구,11410117,연희동,2
연남동,11410,서대문구,11410116,창천동,1
을지로,11140,중구,11140155,을지로3가,9
을지로,11140,중구,11140105,을지로2가,5
을지로,11140,중구,11140159,초동,3
을지로,11140,중구,11140161,저동2가,3
을지로,11140,중구,11140104,을지로1가,2
을지로,11140,중구,11140148,을지로6가,2
을지로,11110,종로구,11110135,관철동,1
을지로,11140,중구,11140102,다동,1
을지로,11140,중구,11140103,태평로1가,1
을지로,11140,중구,11140107,삼각동,1
을지로,11140,중구,11140108,수하동,1
을지로,11140,중구,11140109,장교동,1
을지로,11140,중구,11140111,소공동,1
을지로,11140,중구,11140113,북창동,1
을지로,11140,중구,11140114,태평로2가,1
을지로,11140,중구,11140131,저동1가,1
을지로,11140,중구,11140149,을지로7가,1
을지로,11140,중구,11140150,을지로4가,1
을지로,11140,중구,11140154,오장동,1
을지로,11140,중구,11140158,충무로3가,1
을지로,11140,중구,11140160,인현동1가,1
을지로,11140,중구,11140162,신당동,1
을지로,11140,중구,11140165,황학동,1
을지로,11140,중구,11140166,서소문동,1
이대,11410,서대문구,11410112,대현동,43
이대,11410,서대문구,11410116,창천동,3
이대,11410,서대문구,11410110,북아현동,2
이대,11410,서대문구,11410113,대신동,2
이대,11440,마포구,11440101,아현동,2
이대,11140,중구,11140110,수표동,1
이대,11410,서대문구,11410102,충정로3가,1
이대,11440,마포구,11440108,대흥동,1
이대,11440,마포구,11440109,염리동,1
이대,11590,동작구,11590105,흑석동,1
익선동,11110,종로구,11110133,익선동,8
익선동,11110,종로구,11110153,돈의동,3
익선동,11110,종로구,11110137,낙원동,2
익선동,11110,종로구,11110151,묘동,1
인사동,11110,종로구,11110128,관훈동,30
인사동,11110,종로구,11110136,인사동,7
인사동,11110,종로구,11110127,공평동,2
인사동,11140,중구,11140110,수표동,2
인사동,11110,종로구,11110135,관철동,1
인사동,11110,종로구,11110137,낙원동,1
인사동,11110,종로구,11110148,계동,1
인사동,11110,종로구,11110149,원서동,1
인사동,11110,종로구,11110153,돈의동,1
인사동,11110,종로구,11110155,관수동,1
인사동,11140,중구,11140127,명동2가,1
인천공항,28110,중구,28110147,운서동,24
인천공항,28110,중구,28110151,덕교동,3
인천공항,11440,마포구,11440121,동교동,2
인천공항,11680,강남구,11680101,역삼동,2
인천공항,28110,중구,28110150,남북동,2
인천공항,41281,고양시 덕양구,41281109,지축동,2
인천공항,11140,중구,11140124,충무로1가,1
인천공항,11140,중구,11140129,남산동2가,1
인천공항,11215,광진구,11215105,자양동,1
잠실,11710,송파구,11710101,잠실동,32
잠실,11710,송파구,11710102,신천동,22
잠실,11710,송파구,11710104,송파동,10
잠실,11710,송파구,11710105,석촌동,4
잠실,11140,중구,11140102,다동,1
잠실,11140,중구,11140110,수표동,1
잠실,11215,광진구,11215105,자양동,1
잠실,11680,강남구,11680105,삼성동,1
잠실,11680,강남구,11680108,논현동,1
잠실,11710,송파구,11710106,삼전동,1
잠실,11710,송파구,11710111,방이동,1
잠실,11740,강동구,11740106,둔촌동,1
잠실,11740,강동구,11740109,천호동,1
전포,26230,부산진구,26230102,전포동,4
창덕궁,11110,종로구,11110130,와룡동,4
창덕궁,11110,종로구,11110132,운니동,2
청량리,11230,동대문구,11230104,전농동,11
청량리,11230,동대문구,11230102,용두동,2
청량리,11230,동대문구,11230103,제기동,1
청량리,11230,동대문구,11230107,청량리동,1
청량리,11290,성북구,11290125,안암동5가,1
충무로,11140,중구,11140158,충무로3가,17
충무로,11140,중구,11140137,필동1가,10
충무로,11140,중구,11140132,충무로4가,8
충무로,11140,중구,11140138,필동2가,8
충무로,11140,중구,11140125,충무로2가,3
충무로,11140,중구,11140139,필동3가,3
충무로,11140,중구,11140133,충무로5가,2
충무로,11140,중구,11140155,을지로3가,2
충무로,11140,중구,11140159,초동,2
충무로,11140,중구,11140161,저동2가,2
충무로,11110,종로구,11110122,청진동,1
충무로,11140,중구,11140124,충무로1가,1
충무로,11140,중구,11140162,신당동,1
충무로,41115,수원시 팔달구,41115141,인계동,1
합정,11440,마포구,11440120,서교동,12
합정,11440,마포구,11440122,합정동,4
홍대,11440,마포구,11440120,서교동,155
홍대,11440,마포구,11440121,동교동,148
홍대,11440,마포구,11440124,연남동,24
홍대,11440,마포구,11440115,상수동,7
홍대,11440,마포구,11440122,합정동,5
홍대,11440,마포구,11440114,창전동,4
홍대,11410,서대문구,11410116,창천동,3
홍대,11410,서대문구,11410117,연희동,3
홍대,11140,중구,11140110,수표동,2
홍대,11440,마포구,11440125,성산동,2
홍대,11110,종로구,11110172,명륜4가,1
홍대,11140,중구,11140102,다동,1
홍대,11200,성동구,11200114,성수동1가,1
홍대,11215,광진구,11215107,화양동,1
홍대,41830,양평군,41830350,서종면,1
