"spot_code","korean_name","publish_status","business_status","reservation_status","current_city","current_dl","legal_code","correct_city","correct_dl","correct_sigungu_code","poly_match_cnt","coord_status"
"241","Gate21","공개","영업중","예약불가","서울시","이태원","","","","","0","0,0잡값"
"1290","SOMETHING OUT","공개","영업중","예약불가","서울시","연남동","","","","","0","0,0잡값"
"1826","한국천주교순교자박물관","공개","영업중","예약불가","서울시","마포구","","","","","0","0,0잡값"
"3402","신선한초밥","공개","영업중","예약불가","서울시","충무로","","","","","0","0,0잡값"
"3412","이태리(Italy) 식당","공개","영업중","예약불가","서울시","충무로","","","","","0","0,0잡값"
"3424","(폐업) 소야정","비공개","영업종료","예약불가","서울시","충무로","","","","","0","0,0잡값"
"3448","대한극장","공개","영업중","예약불가","서울시","충무로","","","","","0","0,0잡값"
"3595","카페 디55 (D-55)","공개","영업중","예약불가","서울시","경복궁","","","","","0","0,0잡값"
"4049","툭툭누들타이","공개","영업중","예약불가","서울시","연남동","","","","","0","0,0잡값"
"4688","카페이누","공개","영업중","예약불가","서울시","이태원","","","","","0","0,0잡값"
"4711","테라스테이블","비공개","영업중","예약불가","서울시","이태원","","","","","0","0,0잡값"
"4764","라망두스 (La Main Douce)","공개","영업중","예약불가","서울시","홍대","","","","","0","0,0잡값"
"4772","몰리스팝스 (Molly's pops)","비공개","영업중","예약불가","서울시","홍대","","","","","0","0,0잡값"
"4794","커피프린스 1호점","비공개","영업중","예약불가","서울시","홍대","","","","","0","0,0잡값"
"6210","멘도롱식당","공개","영업중","예약불가","","","","","","","0","0,0잡값"
"8732","술화덕빵","비공개","영업중","예약불가","","","","","","","0","0,0잡값"
"11937","광장시장 성우육회","공개","영업중","예약가능","서울시","종로구","","","","","0","0,0잡값"
"13899","세니아클리닉","공개","영업종료","예약불가","서울시","강남구","","","","","0","0,0잡값"
"14956","춘천중도물레길 카누 체험 티켓 – 서울 근교 섬 호수 힐링 투어","공개","영업중","예약가능","춘천시","","","강원특별자치도","춘천시","51110","1","매칭"
"14964","춘천 애견 동반 일일투어 (서울출발)","공개","영업중","예약가능","춘천시","","","강원특별자치도","춘천시","51110","1","매칭"
"15092","강원도 사계절 시즌 한옥체험 1박2일 투어 (서울출발)","공개","영업중","예약가능","강릉시","","","강원특별자치도","강릉시","51150","1","매칭"
"15546","알파카월드 + 레일바이크 + 남이섬 + 별빛축제 일일투어","비공개","영업중","예약가능","홍천군","","","강원특별자치도","홍천군","51720","1","매칭"
"14945","BLACKPINK 월드투어 콘서트 셔틀버스 (서울 ↔ 고양종합운동장 주경기장)","비공개","영업종료","예약가능","고양시","","","경기도","고양시 일산서구","41287","1","매칭"
"15047","에버랜드 X 롯데월드 더블 테마파크 2일 투어 (서울출발) _ 삭제예정","공개","영업종료","예약가능","서울시","","","경기도","용인시 처인구","41461","1","매칭"
"15067","핑크뮬리 축제 : 나리공원 + 남이섬 + 강촌레일바이크 일일투어 (서울출발)","공개","영업종료","예약가능","가평군","","","경기도","가평군","41820","1","매칭"
"15489","한탄강 UNESCO 세계지질공원 + 포천 허브아일랜드 + 포천아트벨리 일일투어 (서울출발)_backup","비공개","영업종료","예약가능","포천시","","","경기도","포천시","41650","1","매칭"
"15622","(중복 생성 사용X) 파주 프리미엄 아울렛 셔틀버스 | 서울 출발","비공개","영업중","예약가능","파주시","","","경기도","파주시","41480","1","매칭"
"15004","밀양 체험 일일투어 (부산출발) | 표충사 + 아리랑시장 + 영남루 + 사과막걸리 체험 ","공개","영업중","예약가능","밀양시","","","경상남도","밀양시","48270","1","매칭"
"14990","사이시옷 | 경주 야외 방탈출","공개","영업중","예약가능","경주시","","","경상북도","경주시","47130","1","매칭"
"15040","경주 일일투어 (대구출발 / 부산하차 포함) | 불국사 & 교촌마을 & 대릉원 & 동궁과 월지","공개","영업중","예약가능","경주시","","","경상북도","경주시","47130","1","매칭"
"15705","[투어패스] 충남투어패스 24/36/48시간권","비공개","영업중","예약가능","세종,대전시","","","대전광역시","서구","30170","1","매칭"
"14949","(삭제) 선셋 해운대 스카이캡슐 & 부산 야경 일일투어 (부산출발)","공개","영업중","예약불가","부산시","","","부산광역시","해운대구","26350","1","매칭"
"14951","[이벤트 당첨자 전용] 2025 부산원아시아페스티벌 BOF 콘서트","공개","영업종료","예약가능","부산시","","","부산광역시","해운대구","26350","1","매칭"
"15103","샌드박스 | 게임처럼 떠나는 부산 (부산출발)","공개","영업중","예약가능","부산시","","","부산광역시","남구","26290","1","매칭"
"15309","남포대동약국 | 부산(4차입점)","공개","영업중","예약가능","부산시","부산진구","","부산광역시","부산진구","26230","1","매칭"
"15491","더올림의원 서면 | 쁘띠 단독 헤택","공개","영업중","예약가능","부산시","서면","","부산광역시","부산진구","26230","1","매칭"
"15554","하버요가 부산 | 프라이빗 웰니스 체험","공개","영업중","예약가능","부산시","수영구,광안리","","부산광역시","기장군","26710","1","매칭"
"15567","스위브 | 부산 전포 맞춤 헤어살롱","공개","영업중","예약가능","부산시","","","부산광역시","부산진구","26230","1","매칭"
"15574","부산 리얼 감성 투어: 대나무 숲, 해안 절경 & 로컬 라이프 일일 투어","공개","영업중","예약가능","부산시","","","부산광역시","동구","26170","1","매칭"
"15634","힐링템플레킹 in 내원정사: 소리 숲 한끼 | 부산","공개","영업중","예약가능","양산시","","","부산광역시","연제구","26470","1","매칭"
"15655","레버링 해운대점 | 부산 반지공방","공개","영업중","예약가능","부산시","해운대구","","부산광역시","수영구","26500","1","매칭"
"15695","BUSAN-JIN MEDICOVERY: RE-GLOW | 부산 출발","공개","영업중","예약가능","부산시","","","부산광역시","부산진구","26230","1","매칭"
"14948","(📑신사업-메뉴얼) 오프라인 설명회 신청_양식","비공개","영업중","예약가능","대만","","","서울특별시","강남구","11680","1","매칭"
"14986","(어학당) 초단기유학 1박 2일","비공개","영업종료","예약가능","서울시","","","서울특별시","종로구","11110","1","매칭"
"15011","에픽로그협동조합 | 모바일 투어 게임","공개","영업중","예약가능","서울시","","","서울특별시","중구","11140","1","매칭"
"15020","트리옹프닥터의원 | 1:1 의사상담 (피부 및 IV수액 전문) ","공개","영업중","예약가능","서울시","명동","","서울특별시","중구","11140","1","매칭"
"15033","서울 경복궁 + 북촌 + 낙산 + 광장시장 일일투어","공개","영업중","예약가능","서울시","","","서울특별시","종로구","11110","1","매칭"
"15041","서울 야경 일일투어 (서울출발) | 창경궁 & 광장시장 & 낙산공원","공개","영업중","예약가능","서울시","","","서울특별시","종로구","11110","1","매칭"
"15052","사용하지 않은 스팟 (온라인 상담회)","비공개","영업종료","예약가능","타이페이","","","서울특별시","강남구","11680","1","매칭"
"15054","K-드라마 스타일 로맨틱 프로포즈 세팅","공개","영업중","예약가능","서울시","","","서울특별시","용산구","11170","1","매칭"
"15075","아비쥬의원 11월 오프라인 설명회 신청","공개","영업종료","예약가능","대만","","","서울특별시","강남구","11680","1","매칭"
"15088","서울 스냅 | 만떼스냅","공개","영업중","예약가능","서울시","","","서울특별시","중구","11140","1","매칭"
"15089","키즈 스냅 | 만떼스냅","공개","영업중","예약가능","서울시","","","서울특별시","중구","11140","1","매칭"
"15105","연예인 기념일 서포트 옥외광고 ","공개","영업중","예약가능","서울시","","","서울특별시","강남구","11680","1","매칭"
"15117","마이쇼퍼 압구정 + 예스한복","공개","영업중","예약가능","서울시","","","서울특별시","강남구","11680","1","매칭"
"15118","더봄 퍼스널컬러 + 해와달한복","공개","영업중","예약가능","서울시","","","서울특별시","중구","11140","1","매칭"
"15120","리슬 인사점 + 예스한복","공개","영업중","예약가능","서울시","","","서울특별시","종로구","11110","1","매칭"
"15121","단하한복 DIY STUDIO | 노리개만들기 + 해와달한복","공개","영업중","예약가능","서울시","","","서울특별시","종로구","11110","1","매칭"
"15123","프로젝트흰 +  레코디드 셀프 프로필사진 촬영권","공개","영업종료","예약가능","서울시","","","서울특별시","마포구","11440","1","매칭"
"15124","호수도산 건대성수점 | K-POP 헤어 + 퍼스널컬러 CCL컬러이미지융합연구소","공개","영업중","예약가능","서울시","","","서울특별시","성동구","11200","1","매칭"
"15133","4대궁(경복궁, 덕수궁, 창덕궁, 창경궁) 도슨트 가이드 투어","공개","영업중","예약가능","서울시","","","서울특별시","종로구","11110","1","매칭"
"15134","(신사업)비앤빛안과 대만 온라인 설명회","비공개","영업종료","예약가능","타이페이","","","서울특별시","강남구","11680","1","매칭"
"15160","케데헌 자개 키링 | 야니얀 ","공개","영업중","예약가능","서울시","압구정","","서울특별시","강남구","11680","1","매칭"
"15172","약국 템플릿_완성본","비공개","영업종료","예약가능","서울시","홍대","","서울특별시","마포구","11440","1","매칭"
"15183","머체사진관 | 키즈 가족 커플","비공개","영업중","예약가능","서울시","성동구","","서울특별시","성동구","11200","1","매칭"
"15184","COCORY Color 강남점 | 퍼스널컬러& 체형& 패션 분석","공개","영업중","예약가능","서울시","강남구","","서울특별시","마포구","11440","1","매칭"
"15193","아이폰 대여 (홍대점, 올림픽공원점)","공개","영업중","예약가능","서울시","","","서울특별시","마포구","11440","1","매칭"
"15218","아이약국 | 강남(2차입점)","공개","영업중","예약가능","서울시","강남구","","서울특별시","서초구","11650","1","매칭"
"15219","별빛약국 | 홍대 (2차입점)","공개","영업중","예약가능","서울시","홍대","","서울특별시","서초구","11650","1","매칭"
"15223","(신사업) 26.02 밝은눈안과 온라인 설명회 신청_영미권","공개","영업종료","예약불가","서울시","강남구","","서울특별시","강남구","11680","1","매칭"
"15266","hae&dal makeup studio","공개","영업중","예약가능","서울시","경복궁","","서울특별시","종로구","11110","1","매칭"
"15269","✨Creatrip 단독✨ 옵틱 라이프 | 홍대 테스트용","비공개","영업중","예약가능","서울시","홍대","","서울특별시","마포구","11440","1","매칭"
"15287","아비쥬의원 명동 글로벌점 (미결제분/환불 전용)","비공개","영업종료","예약불가","서울시","","","서울특별시","중구","11140","1","매칭"
"15303","(50%할인 이벤트) LG U+ eSIM 3 days (72 hours)","비공개","영업종료","예약가능","한국","","","서울특별시","강남구","11680","1","매칭"
"15307","사주 기반 한글 이름 작명 온라인 | 청연재 ","공개","영업중","예약가능","서울시","시청","","서울특별시","중구","11140","2","매칭"
"15325","(신사업) 26.01 대만 밝은눈안과 온라인 상담회","공개","영업중","예약불가","타이페이","","","서울특별시","강남구","11680","1","매칭"
"15330","[어학당] 한글파크아카데미 | 기타 결제","공개","영업종료","예약가능","서울시","강남구","","서울특별시","강남구","11680","1","매칭"
"15336","ARMY 서포트 펀딩","비공개","영업중","예약가능","서울시","","","서울특별시","강남구","11680","1","매칭"
"15347","한국살기 | 아늑호텔 앤 스파 성수 건대점 ","공개","영업중","예약가능","서울시","광진구","","서울특별시","광진구","11215","1","매칭"
"15348","(신사업) 영미권 밝은눈안과 상시상담 온라인 ","공개","영업중","예약가능","서울시","강남구","","서울특별시","강남구","11680","1","매칭"
"15354","(현장결제용) 휩드 WHIPPED |  클래스&모델 체험하기 ","비공개","영업종료","예약가능","서울시","성수동","","서울특별시","성동구","11200","1","매칭"
"15373","(신사업) 강남조은눈안과 대만 3월 온라인 설명회","비공개","영업중","예약불가","타이페이","","","서울특별시","강남구","11680","1","매칭"
"15382","(신사업) 대만 밝은눈안과 상시상담 온라인","비공개","영업중","예약불가","타이페이","","","서울특별시","강남구","11680","1","매칭"
"15388","BTS 컴백 기념 연예인 커피차 광화문","비공개","영업중","예약가능","서울시","","","서울특별시","강남구","11680","1","매칭"
"15398","[어학당] 한글파크아카데미 | 정규과정","공개","영업중","예약가능","서울시","강남구","","서울특별시","강남구","11680","1","매칭"
"15413","온스튜디오 | 퍼스널 컬러로 완성하는 맞춤 사진 촬영","공개","영업중","예약가능","서울시","중구","","서울특별시","중구","11140","1","매칭"
"15414","(신사업) 26.04 비앤빛안과 대만 온라인 상담회","공개","영업종료","예약불가","타이페이","","","서울특별시","강남구","11680","1","매칭"
"15424","감성교복 잠실본점 스냅사진","공개","영업중","예약가능","서울시","잠실","","서울특별시","송파구","11710","1","매칭"
"15429","샵꽁뜨 연남점 | 외국인 맞춤 컬러 전문 헤어샵","공개","영업중","예약가능","서울시","홍대","","서울특별시","마포구","11440","1","매칭"
"15435","(신사업) 한국 대표 건강검진 센터, KMI | 특화상품 | 광화문","공개","영업중","예약가능","서울시","","","서울특별시","종로구","11110","1","매칭"
"15448","삭제 필요 ✅ 한복클로젯 | 경복궁 근처 전통 한복 대여 및 사진 촬영","비공개","영업중","예약가능","서울시","경복궁","","서울특별시","종로구","11110","1","매칭"
"15449","삭제필요 ✅북촌사진관 | 경복궁 야외 사진 촬영","비공개","영업중","예약가능","서울시","북촌","","서울특별시","종로구","11110","1","매칭"
"15457","2026 창덕궁 고궁음악회 <100인의 태평지악(공연)> (단체 결제 전용)","비공개","영업종료","예약가능","서울시","종로구","","서울특별시","종로구","11110","1","매칭"
"15512","외국인 수영대회 (2026 제3회 쉬엄쉬엄 한강 3종 축제)","비공개","영업중","예약가능","서울시","망원동","","서울특별시","마포구","11440","1","매칭"
"15556","","비공개","영업중","예약가능","서울시","홍대","","서울특별시","마포구","11440","1","매칭"
"15566","📓반영구 스팟 메뉴얼","비공개","영업중","예약가능","서울시","","","서울특별시","종로구","11110","1","매칭"
"15587","CARADI | Professional K-Beauty Hair & Makeup _ 보관을 위한 백업","비공개","영업종료","예약가능","서울시","압구정","","서울특별시","강남구","11680","1","매칭"
"15590","미유약국 | 부산","공개","영업중","예약가능","부산시","중구","","서울특별시","성동구","11200","1","매칭"
"15591","레디영약국 | 부산","공개","영업중","예약가능","부산시","중구","","서울특별시","성동구","11200","1","매칭"
"15592","국제약국 | 부산","공개","영업중","예약가능","부산시","중구","","서울특별시","성동구","11200","1","매칭"
"15593","남포온누리약국 | 부산","공개","영업중","예약가능","부산시","중구","","서울특별시","성동구","11200","1","매칭"
"15594","스퀘어약국 | 강남","공개","영업중","예약가능","서울시","강남구","","서울특별시","성동구","11200","1","매칭"
"15595","두타 레디영약국 | 명동","공개","영업중","예약가능","서울시","명동","","서울특별시","성동구","11200","1","매칭"
"15596","[Hyundai Department Store] K-Style Fashion Benefit (할인쿠폰 바우처 제공)","공개","영업중","예약가능","서울시","","","서울특별시","영등포구","11560","1","매칭"
"15603","스틱어라운드 성수 | 바디 프로필 & 프라이빗 화보","공개","영업중","예약가능","서울시","성수동","","서울특별시","성동구","11200","1","매칭"
"15611","깔살롱 강남역점 | 특별컬러 전문 헤어샵","공개","영업중","예약가능","서울시","강남구","","서울특별시","강남구","11680","1","매칭"
"15624","[어학당] 이지코리안 아카데미_온라인과정","공개","영업중","예약가능","서울시","강남구","","서울특별시","강남구","11680","1","매칭"
"15625","진한복 | 경복궁역 4번 출구 바로 앞, 30년 장인의 프리미엄 한복","공개","영업중","예약가능","서울시","종로구","","서울특별시","종로구","11110","1","매칭"
"15644","뚜레쥬르 강남직영점","공개","영업중","예약가능","서울시","강남구","","서울특별시","강남구","11680","1","매칭"
"15645","뚜레쥬르 압구정직영점","공개","영업중","예약가능","서울시","강남구","","서울특별시","강남구","11680","1","매칭"
"15651","커브라인의원 명동점 | 프라이빗 1:1 리프팅 케어","공개","영업중","예약가능","서울시","명동","","서울특별시","중구","11140","1","매칭"
"15657","코코리아 헤드스파&스킨케어","공개","영업중","예약가능","서울시","명동","","서울특별시","중구","11140","1","매칭"
"15661","K-Culture VR Tower | 세계 최초 K-POP 전용 4K VR로 즐기는 아이돌 콘서트","공개","영업중","예약가능","서울시","남산","","서울특별시","용산구","11170","1","매칭"
"15673","[오픈이벤트🎉] 그린바이강미 | 압구정로데오 연예인 헤어&메이크업샵","비공개","영업중","예약가능","서울시","압구정","","서울특별시","강남구","11680","1","매칭"
"15701","디스커버 서울패스 | 모바일(5일 eSIM 이용권 포함) & 실물카드형","비공개","영업중","예약가능","서울시","","","서울특별시","중구","11140","1","매칭"
"14959","★LIMITED TIME DEAL★ 제 34회 서울가요대상 FLOOR 스탠딩석 + 셔틀 패키지","공개","영업종료","예약가능","인천시","","","인천광역시","중구","28110","1","매칭"
"15063","Seventeen 콘서트 셔틀 (서울 ↔ 인천아시아드 주경기장)","비공개","영업종료","예약불가","인천시","","","인천광역시","서구","28260","1","매칭"
"15098","공항버스 6100 리무진버스 편도 티켓 (인천공항T1 출발)","공개","영업중","예약가능","인천시","인천공항","","인천광역시","중구","28110","1","매칭"
"15101","공항버스 6100 리무진버스 편도 티켓 (인천공항T2 출발)","공개","영업중","예약가능","인천시","인천공항","","인천광역시","중구","28110","1","매칭"
"15109","DOYOUNG 콘서트 셔틀버스 (서울 ↔ 인스파이어 아레나)","비공개","영업종료","예약가능","인천시","","","인천광역시","중구","28110","1","매칭"
"15235","[단독 50% 할인] EXO’verse 팬미팅 왕복 셔틀 (서울 ↔ 인스파이어 아레나)","비공개","영업종료","예약가능","인천시","","","인천광역시","미추홀구","28177","1","매칭"
"15535","인천 일일 투어: 루지, 레일바이크 & 페리 (갈매기 먹이주기 포함) | 서울 출발","공개","영업중","예약가능","인천시","강화군","","인천광역시","강화군","28710","1","매칭"
"15565","[에포스카드용] 2026 제35회 서울가요대상 패키지 (교통카드)","공개","영업종료","예약가능","인천시","중구","","인천광역시","중구","28110","1","매칭"
"15641","뚜레쥬르 인천공항T1 에어사이드점","공개","영업중","예약가능","인천시","중구","","인천광역시","중구","28110","1","매칭"
"15642","뚜레쥬르 인천공항T1 입국점","공개","영업중","예약가능","인천시","중구","","인천광역시","중구","28110","1","매칭"
"15643","뚜레쥬르 인천공항 탑승동점","공개","영업중","예약가능","인천시","중구","","인천광역시","중구","28110","1","매칭"
"15677","강화도 루지 & 소창 손수건 스탬프 체험 일일투어 | 서울 출발","공개","영업중","예약가능","인천시","강화군","","인천광역시","강화군","28710","1","매칭"
"15058","가을 스페셜 : 담양 죽녹원 대나무숲 + 메타세쿼이아길 일일투어 (부산출발)","공개","영업종료","예약가능","담양군","","","전라남도","담양군","46710","1","매칭"
"15163","대만수령 SKT USIM (통화가능) WOWPASS (또는 T-Money 무료 증정)","공개","영업중","예약가능","한국","","","제주특별자치도","제주시","50110","1","매칭"
"15029","2025 보령 머드 축제 K-POP 콘서트 일일투어 (서울출발) | 엠카운트다운, KBS Super Live","공개","영업종료","예약가능","보령시","","","충청남도","보령시","44180","1","매칭"
"12782","대부도 갯벌체험 여행 2박3일","비공개","영업종료","예약가능","성남시","","","","","","0","폴리곤미매칭"
"13685","2023 마지막 일몰 스페셜 투어 (부산출발)","비공개","영업종료","예약가능","부산시","","","","","","0","폴리곤미매칭"
"14954","울릉도 마을 2박3일 투어 (서울출발)","공개","영업종료","예약가능","울릉군","","","","","","0","폴리곤미매칭"
"15093","강릉 가을 한정 단풍 한옥체험 1박2일 투어 (서울출발)","공개","영업종료","예약가능","강릉시","","","","","","0","폴리곤미매칭"
"15094","강릉 겨울 한정 스키 한옥체험 1박2일 투어 (서울출발)","공개","영업중","예약가능","강릉시","","","","","","0","폴리곤미매칭"
"15597","부산 스카이라인 루지 액티비티 일일투어 | 부산 출발","공개","영업중","예약가능","경주시","","","","","","0","폴리곤미매칭"
"2998","CAFÉ 동피랑에서","공개","영업중","예약불가","통영시","","","","","","0","해외_한국밖"
"10932","Komaya Ryokan","비공개","영업중","예약불가","","","","","","","0","해외_한국밖"
"10960","NEO CAFE","공개","영업중","예약불가","","","","","","","0","해외_한국밖"
"10961","good cho's","공개","영업중","예약불가","","","","","","","0","해외_한국밖"
"10962","HAOXIU KAFFE","공개","영업중","예약불가","","","","","","","0","해외_한국밖"
"10963","mooya cafe","공개","영업중","예약불가","","","","","","","0","해외_한국밖"
"10964","2 J CAFE","공개","영업중","예약불가","","","","","","","0","해외_한국밖"
"10965","Balcony Cafe ","공개","영업중","예약불가","","","","","","","0","해외_한국밖"
"10966","광일카페 ","공개","영업중","예약불가","","","","","","","0","해외_한국밖"
"10967","HOMEY' S CAFE","공개","영업중","예약불가","","","","","","","0","해외_한국밖"
"10968","11 cafe","비공개","영업중","예약불가","","","","","","","0","해외_한국밖"
"10969","petit doux cafe","공개","영업중","예약불가","","","","","","","0","해외_한국밖"
"11656","","비공개","영업중","예약불가","서울시","","","","","","0","해외_한국밖"
"13303","선물하기 화이트라벨 - 쿠폰 수령용 ","비공개","영업종료","예약불가","서울시","","","","","","0","해외_한국밖"
"13823","[어학당] 한국어 튜터링 서비스 - Teacher Anne","공개","영업중","예약가능","서울시","","","","","","0","해외_한국밖"
"13835","[어학당] 한국어 튜터링 서비스(시범수업) - Teacher Anne","공개","영업중","예약가능","서울시","","","","","","0","해외_한국밖"
"13837","[어학당] 한국어 튜터링 서비스(시범수업) - 손예림","비공개","영업종료","예약불가","서울시","","","","","","0","해외_한국밖"
"13841","[어학당] 한국어 튜터링 서비스 - 튜터 박성규","공개","영업중","예약가능","서울시","","","","","","0","해외_한국밖"
"13881","[어학당] 한국어 튜터링 서비스(시범수업) - 튜터 김은정","비공개","영업종료","예약가능","서울시","","","","","","0","해외_한국밖"
"13882","[어학당] 한국어 튜터링 서비스 - 김은정 (EunJeong Kim)","비공개","영업종료","예약가능","서울시","","","","","","0","해외_한국밖"
"14286","[어학당] 한국어 튜터링 서비스(시범수업) - 튜터 박성규","공개","영업중","예약가능","서울시","","","","","","0","해외_한국밖"
"14486","(신사업) 2025 4회 온오프라인 설명회 밝은눈안과 신청","비공개","영업종료","예약불가","대만","","","","","","0","해외_한국밖"
"14753","(신사업) 티유치과 오프라인 설명회 신청 ","공개","영업중","예약가능","대만","","","","","","0","해외_한국밖"
"14886","(신사업) 25.05 밝은눈안과 싱가포르 설명회 신청","공개","영업중","예약불가","한국","","","","","","0","해외_한국밖"
"14887","(신사업) 모모성형외과 싱가포르 설명회 신청","공개","영업중","예약불가","한국","","","","","","0","해외_한국밖"
"14920","(신사업) 아이리움안과 오프라인 설명회 신청 ","비공개","영업종료","예약불가","타이페이","","","","","","0","해외_한국밖"
"14974","[어학당] 집 찾기 관련 예약","공개","영업중","예약가능","서울시","","","","","","0","해외_한국밖"
