code,name_ko,name_en,parent_code,parent_city_ko,priority,spot_count,blog_count,lang_course_count,region_count,pub_region_count,total_links,class_1st,sgg_code,sgg_name,action,action_note,review
66,홍대,Hongdae,5,서울시,2,362,349,0,1,1,712,관광지,11440,마포구,격상,기존공개REGION재배선,
74,경복궁,Gyeongbokgung,5,서울시,10,131,163,0,1,1,295,관광지,11110,종로구,격상,기존공개REGION재배선,
77,이태원,Itaewon,5,서울시,13,98,90,0,1,1,189,관광지,11170,용산구,격상,기존공개REGION재배선,
81,잠실,Jamsil,5,서울시,17,78,78,0,1,1,157,관광지,11710,송파구,격상,기존공개REGION재배선,
87,서면,Seomyeon,,,23,64,24,0,1,1,89,관광지,26230,부산진구,격상,중복대표(병합수신),
151,압구정,Apgujeong,5,서울시,85,51,26,0,1,1,78,관광지,11680,강남구,격상,기존공개REGION재배선,
80,여의도,Yeouido,5,서울시,16,44,37,0,1,1,82,관광지,11560,영등포구,격상,기존공개REGION재배선,
138,경포대,Gyeongpodae,,,72,8,0,0,1,1,9,관광지,51150,강릉시,격상,기존공개REGION재배선,
735,안덕,Andeok,,,154,6,6,0,1,1,13,관광지,50130,서귀포시,격상,기존공개REGION재배선,
130,애월,Aewol,,,65,6,1,0,1,1,8,관광지,50110,제주시,격상,기존공개REGION재배선,
135,월정리,Woljeongri,,,69,5,0,0,1,1,6,관광지,50110,제주시,격상,기존공개REGION재배선,
139,주문진,Joomoonjin,,,73,5,0,0,1,1,6,관광지,51150,강릉시,격상,기존공개REGION재배선,
137,정동진,Jeongdongjin,,,71,4,0,0,1,1,5,관광지,51150,강릉시,격상,기존공개REGION재배선,
69,명동,Myeongdong,5,서울시,5,278,293,0,1,1,572,동,11140,중구,격상,기존공개REGION재배선,
108,남포동,Nampodong,,,43,86,20,0,1,1,107,동,26110,중구,격상,기존공개REGION재배선,
72,신사동,Sinsa,5,서울시,8,76,65,0,1,1,142,동,11680,강남구,격상,기존공개REGION재배선,
477,성수동,Seongsudong,5,서울시,144,67,25,0,1,1,93,동,11200,성동구,격상,중복대표(병합수신),
91,연남동,Yeonnamdong,,,27,65,58,0,0,0,123,동,11440,마포구,격상,신규REGION생성,
75,인사동,Insadong,,,11,47,75,0,0,0,122,동,11110,종로구,격상,신규REGION생성,
83,망원동,Mangwon,,,19,34,35,0,0,0,69,동,11440,마포구,격상,신규REGION생성,
106,감천동,Gamcheondong,,,41,24,16,0,0,0,40,동,26380,사하구,격상,신규REGION생성,
76,삼청동,Samcheongdong,,,12,24,17,0,0,0,41,동,11110,종로구,격상,신규REGION생성,
480,삼성동,Samseongdong,,,146,15,14,0,0,0,29,동,11680,강남구,격상,신규REGION생성,
99,익선동,Ikseondong,,,35,14,27,0,0,0,41,동,11110,종로구,격상,신규REGION생성,
105,신당동,Sindangdong,,,40,10,2,0,0,0,12,동,11140,중구,격상,신규REGION생성,
416,마장동,Majang,,,139,2,2,0,0,0,4,동,11200,성동구,격상,신규REGION생성,
119,노포동,Nopodong,,,54,1,0,0,0,0,1,동,26410,금정구,격상,신규REGION생성,
68,신촌,Sinchon,,,4,111,65,3,0,0,179,관광지,11410,서대문구,격상후보,팀결정: 유지=REGION생성 / 드롭=구흡수(소속구 재태깅),
89,충무로,Chungmuro,,,25,65,20,0,0,0,85,관광지,11140,중구,격상후보,팀결정: 유지=REGION생성 / 드롭=구흡수(소속구 재태깅),
67,이대,Edae,,,3,58,34,2,0,0,94,관광지,11410,서대문구,격상후보,팀결정: 유지=REGION생성 / 드롭=구흡수(소속구 재태깅),
95,회기역,Hwaegi,,,31,47,11,1,0,0,59,관광지,11230,동대문구,격상후보,팀결정: 유지=REGION생성 / 드롭=구흡수(소속구 재태깅),
86,대학로(혜화),Hyehwa,,,22,45,25,2,0,0,72,관광지,11110,종로구,격상후보,팀결정: 유지=REGION생성 / 드롭=구흡수(소속구 재태깅),
79,건대,Konkuk Univ.,,,15,44,22,2,0,0,68,관광지,11215,광진구,격상후보,팀결정: 유지=REGION생성 / 드롭=구흡수(소속구 재태깅),
101,을지로,Euljiro,,,37,42,32,0,0,0,74,관광지,11140,중구,격상후보,팀결정: 유지=REGION생성 / 드롭=구흡수(소속구 재태깅),
140,인천공항,Incheon Airport,,,74,36,22,0,1,0,59,관광지,28110,중구,격상후보,팀결정: 유지=REGION생성 / 드롭=구흡수(소속구 재태깅),
78,서울역,Seoul Station,,,14,34,25,0,0,0,59,관광지,11140,중구,격상후보,팀결정: 유지=REGION생성 / 드롭=구흡수(소속구 재태깅),
113,광안리,Gwangalli,,,48,28,13,0,0,0,41,관광지,26500,수영구,격상후보,팀결정: 유지=REGION생성 / 드롭=구흡수(소속구 재태깅),
73,고속버스터미널,Express Bus Terminal,,,9,26,16,0,0,0,42,관광지,11650,서초구,격상후보,팀결정: 유지=REGION생성 / 드롭=구흡수(소속구 재태깅),
64,서촌,Seochon,,,0,26,26,0,1,0,53,관광지,11110,종로구,격상후보,팀결정: 유지=REGION생성 / 드롭=구흡수(소속구 재태깅),
94,광화문,Gwanghwamun,,,30,25,16,0,0,0,41,관광지,11110,종로구,격상후보,팀결정: 유지=REGION생성 / 드롭=구흡수(소속구 재태깅),
111,부경대,Pukyong National Univ.,,,46,24,1,0,0,0,25,관광지,26290,남구,격상후보,팀결정: 유지=REGION생성 / 드롭=구흡수(소속구 재태깅),
110,부산역,Busan station,,,45,22,0,0,0,0,22,관광지,26170,동구,격상후보,팀결정: 유지=REGION생성 / 드롭=구흡수(소속구 재태깅),
93,왕십리,Wangsipli,,,29,20,4,0,0,0,24,관광지,11200,성동구,격상후보,팀결정: 유지=REGION생성 / 드롭=구흡수(소속구 재태깅),
97,남산,Namsan,,,33,18,8,0,0,0,26,관광지,11140,중구,격상후보,팀결정: 유지=REGION생성 / 드롭=구흡수(소속구 재태깅),
141,차이나타운,China Town,,,75,17,0,0,1,0,18,관광지,28110,중구,격상후보,팀결정: 유지=REGION생성 / 드롭=구흡수(소속구 재태깅),
102,청량리,Cheongnyangni,,,38,16,11,1,0,0,28,관광지,11230,동대문구,격상후보,팀결정: 유지=REGION생성 / 드롭=구흡수(소속구 재태깅),
96,합정,Hapjeong,,,32,16,20,0,0,0,36,관광지,11440,마포구,격상후보,팀결정: 유지=REGION생성 / 드롭=구흡수(소속구 재태깅),
100,노량진,Noryangjin,,,36,15,4,0,0,0,19,관광지,11590,동작구,격상후보,팀결정: 유지=REGION생성 / 드롭=구흡수(소속구 재태깅),
136,성산,Seongsan,,,70,15,3,0,0,0,18,관광지,50110,제주시,격상후보,팀결정: 유지=REGION생성 / 드롭=구흡수(소속구 재태깅),
114,송도,Songdo,,,49,14,13,0,0,0,27,관광지,28185,연수구,격상후보,팀결정: 유지=REGION생성 / 드롭=구흡수(소속구 재태깅),
149,북촌,Bukchon,,,83,12,29,0,0,0,41,관광지,11110,종로구,격상후보,팀결정: 유지=REGION생성 / 드롭=구흡수(소속구 재태깅),
134,세화,Sehwa,,,68,9,0,0,0,0,9,관광지,50110,제주시,격상후보,팀결정: 유지=REGION생성 / 드롭=구흡수(소속구 재태깅),
120,시청,City Hall,,,55,9,8,0,0,0,17,관광지,11140,중구,격상후보,팀결정: 유지=REGION생성 / 드롭=구흡수(소속구 재태깅),
132,협재,Hyeopjae,,,66,8,1,0,0,0,9,관광지,50110,제주시,격상후보,팀결정: 유지=REGION생성 / 드롭=구흡수(소속구 재태깅),
103,공덕,Gongdeok,,,39,7,5,0,0,0,12,관광지,11440,마포구,격상후보,팀결정: 유지=REGION생성 / 드롭=구흡수(소속구 재태깅),
479,안국,Anguk,,,145,7,9,0,0,0,16,관광지,11110,종로구,격상후보,팀결정: 유지=REGION생성 / 드롭=구흡수(소속구 재태깅),
65,창덕궁,Changdukgung,,,1,6,6,0,0,0,12,관광지,11110,종로구,격상후보,팀결정: 유지=REGION생성 / 드롭=구흡수(소속구 재태깅),
189,고려대학교,Korea Univ,,,88,5,3,1,0,0,9,관광지,11290,성북구,격상후보,팀결정: 유지=REGION생성 / 드롭=구흡수(소속구 재태깅),
90,남대문,Namdaemun,,,26,4,8,0,0,0,12,관광지,11140,중구,격상후보,팀결정: 유지=REGION생성 / 드롭=구흡수(소속구 재태깅),
92,동묘,Dongmyo,,,28,4,4,0,0,0,8,관광지,11110,종로구,격상후보,팀결정: 유지=REGION생성 / 드롭=구흡수(소속구 재태깅),
219,동성로,Dongseong-ro,,,122,4,2,0,0,0,6,관광지,27110,중구,격상후보,팀결정: 유지=REGION생성 / 드롭=구흡수(소속구 재태깅),
121,부산대,Busan Univ.,,,56,4,1,0,0,0,5,관광지,26410,금정구,격상후보,팀결정: 유지=REGION생성 / 드롭=구흡수(소속구 재태깅),
414,전포,Jeonpo,,,137,4,5,0,0,0,9,관광지,26230,부산진구,격상후보,팀결정: 유지=REGION생성 / 드롭=구흡수(소속구 재태깅),
483,중문,Jungmun,,,149,4,3,0,0,0,7,관광지,50130,서귀포시,격상후보,팀결정: 유지=REGION생성 / 드롭=구흡수(소속구 재태깅),
485,함덕/구좌,Hamdok/Gujwa,,,152,4,4,0,0,0,8,관광지,50110,제주시,격상후보,팀결정: 유지=REGION생성 / 드롭=구흡수(소속구 재태깅),
229,반월당,Banwoldang,,,131,3,6,0,0,0,9,관광지,27110,중구,격상후보,팀결정: 유지=REGION생성 / 드롭=구흡수(소속구 재태깅),
214,서울대입구,Seoul National Univ,,,117,3,7,0,0,0,10,관광지,11620,관악구,격상후보,팀결정: 유지=REGION생성 / 드롭=구흡수(소속구 재태깅),Y
146,수유,Suyu,,,80,3,1,0,0,0,4,관광지,11305,강북구,격상후보,팀결정: 유지=REGION생성 / 드롭=구흡수(소속구 재태깅),
221,신림,Sillim,,,123,3,1,0,0,0,4,관광지,11620,관악구,격상후보,팀결정: 유지=REGION생성 / 드롭=구흡수(소속구 재태깅),
484,표선,Pyeoseon,,,151,3,3,0,0,0,6,관광지,50130,서귀포시,격상후보,팀결정: 유지=REGION생성 / 드롭=구흡수(소속구 재태깅),
188,경희대학교,Kyunghee Univ,,,87,2,2,0,0,0,4,관광지,11140,중구,격상후보,팀결정: 유지=REGION생성 / 드롭=구흡수(소속구 재태깅),
887,김포공항,Gimpo Airport,,,155,2,4,0,0,0,6,관광지,11500,강서구,격상후보,팀결정: 유지=REGION생성 / 드롭=구흡수(소속구 재태깅),
150,상수,Sangsu,,,84,2,4,0,0,0,6,관광지,11440,마포구,격상후보,팀결정: 유지=REGION생성 / 드롭=구흡수(소속구 재태깅),
144,성신여대,Sungshin Women's Univ.,,,78,2,0,0,0,0,2,관광지,11290,성북구,격상후보,팀결정: 유지=REGION생성 / 드롭=구흡수(소속구 재태깅),
734,우도,Udo,,,153,2,2,0,0,0,4,관광지,50110,제주시,격상후보,팀결정: 유지=REGION생성 / 드롭=구흡수(소속구 재태깅),
187,이화여자대학교,Ewha Womens Univ,,,86,2,0,0,0,0,2,관광지,11140,중구,격상후보,팀결정: 유지=REGION생성 / 드롭=구흡수(소속구 재태깅),
217,중앙로(대구),Jungangno,,,120,2,7,0,0,0,9,관광지,27110,중구,격상후보,팀결정: 유지=REGION생성 / 드롭=구흡수(소속구 재태깅),
228,청사포,Cheongsapo,,,130,2,3,0,0,0,5,관광지,26350,해운대구,격상후보,팀결정: 유지=REGION생성 / 드롭=구흡수(소속구 재태깅),
486,대림,Daerim,,,150,1,0,0,0,0,1,관광지,11560,영등포구,격상후보,팀결정: 유지=REGION생성 / 드롭=구흡수(소속구 재태깅),
411,문래,Munllae,,,134,1,1,0,0,0,2,관광지,11560,영등포구,격상후보,팀결정: 유지=REGION생성 / 드롭=구흡수(소속구 재태깅),
222,상봉,Sangbong,,,125,1,0,0,0,0,1,관광지,11140,중구,격상후보,팀결정: 유지=REGION생성 / 드롭=구흡수(소속구 재태깅),
145,신대방,Sindaebang,,,79,1,0,0,0,0,1,관광지,11620,관악구,격상후보,팀결정: 유지=REGION생성 / 드롭=구흡수(소속구 재태깅),
190,연세대학교,Yonsei Univ,,,89,1,0,0,0,0,1,관광지,11140,중구,격상후보,팀결정: 유지=REGION생성 / 드롭=구흡수(소속구 재태깅),
464,영종도,Yeongjongdo,,,140,1,3,0,0,0,4,관광지,28110,중구,격상후보,팀결정: 유지=REGION생성 / 드롭=구흡수(소속구 재태깅),
115,오륙도,Oryookdo,,,50,1,0,0,0,0,1,관광지,26290,남구,격상후보,팀결정: 유지=REGION생성 / 드롭=구흡수(소속구 재태깅),
218,월드컵경기장,World cup stadium,,,121,1,3,0,0,0,4,관광지,11440,마포구,격상후보,팀결정: 유지=REGION생성 / 드롭=구흡수(소속구 재태깅),
143,월미도,Wolmido,,,77,1,3,0,0,0,4,관광지,28110,중구,격상후보,팀결정: 유지=REGION생성 / 드롭=구흡수(소속구 재태깅),
402,판교,Pangyo,,,132,1,0,0,0,0,1,관광지,41135,성남시 분당구,격상후보,팀결정: 유지=REGION생성 / 드롭=구흡수(소속구 재태깅),
70,강남구,Gangnam,5,서울시,6,380,231,3,1,1,615,행정구,11680,강남구,유지,구-공개REGION연결有(신모델),
88,종로구,Jongro,5,서울시,24,150,92,1,0,0,243,행정구,11110,종로구,유지,,
107,해운대구,Haeundae,3,부산시,42,112,46,0,1,1,159,행정구,26350,해운대구,유지,구-공개REGION연결有(신모델),
122,중구,Junggu,,,57,91,8,0,0,0,99,행정구,27110,중구,유지,,Y
82,영등포구,Yeongdeungpo,5,서울시,18,72,26,0,0,0,98,행정구,11560,영등포구,유지,,
71,동대문구,Dongdaemun,5,서울시,7,67,79,0,1,1,147,행정구,11140,중구,유지,구-공개REGION연결有(신모델),
85,용산구,Yongsan,5,서울시,21,56,41,0,1,1,98,행정구,11170,용산구,유지,구-공개REGION연결有(신모델),
84,마포구,Mapo,5,서울시,20,54,26,1,0,0,81,행정구,11440,마포구,유지,,
133,서귀포시,Seogwipo,,,67,38,12,0,1,1,51,행정구,50130,서귀포시,유지,구-공개REGION연결有(신모델),Y
412,서초구,Seocho,5,서울시,136,26,5,0,1,1,32,행정구,11650,서초구,유지,구-공개REGION연결有(신모델),
224,송파구,Songpa,5,서울시,127,23,8,0,1,1,32,행정구,11710,송파구,유지,구-공개REGION연결有(신모델),
718,성동구,Seongdong,5,서울시,102,22,0,0,0,0,22,행정구,11200,성동구,유지,,
116,영도구,Yeongdo,3,부산시,51,15,8,0,1,1,24,행정구,26200,영도구,유지,구-공개REGION연결有(신모델),
716,강서구,Gangseo,5,서울시,100,13,2,0,0,0,15,행정구,11500,강서구,유지,,Y
125,남구,Namgu,,,60,12,2,1,0,0,15,행정구,27200,남구,유지,,Y
147,서대문구,Seodaemun,5,서울시,81,11,8,0,0,0,19,행정구,11410,서대문구,유지,,
226,강화군,Gangwhado,,,129,9,11,0,0,0,20,행정구,28710,강화군,유지,,
717,광진구,Gwangjin,5,서울시,101,8,3,0,0,0,11,행정구,11215,광진구,유지,,
708,구로구,Guro,5,서울시,92,7,0,0,0,0,7,행정구,11530,구로구,유지,,
215,기장군,Gijang,3,부산시,118,7,12,0,1,1,20,행정구,26710,기장군,유지,구-공개REGION연결有(신모델),
721,부산진구,Busanjin,3,부산시,105,7,0,0,0,0,7,행정구,26230,부산진구,유지,,
719,수영구,Suyeong,3,부산시,103,7,0,0,0,0,7,행정구,26500,수영구,유지,,
482,제주시,Downtown Jeju,,,148,7,4,0,1,1,12,행정구,50110,제주시,유지,구-공개REGION연결有(신모델),Y
128,달서구,Dalseogu,,,63,6,0,0,0,0,6,행정구,27290,달서구,유지,,
123,동구,Donggu,,,58,6,1,0,0,0,7,행정구,27140,동구,유지,,Y
117,동래구,Dongnae,3,부산시,52,5,0,0,0,0,5,행정구,26260,동래구,유지,,
712,성북구,Seongbuk,5,서울시,96,5,1,0,0,0,6,행정구,11290,성북구,유지,,
127,수성구,Suseonggu,,,62,5,1,0,0,0,6,행정구,27260,수성구,유지,,
220,강동구,Gangdong,5,서울시,124,4,2,0,0,0,6,행정구,11740,강동구,유지,,
714,관악구,Gwanak,5,서울시,98,4,0,2,0,0,6,행정구,11620,관악구,유지,,
225,동작구,Dongjak,5,서울시,128,3,3,1,0,0,7,행정구,11590,동작구,유지,,
142,부평구,Pupyong,7,인천시,76,3,2,0,0,0,5,행정구,28237,부평구,유지,,
126,북구,Bukgu,,,61,3,0,0,0,0,3,행정구,27230,북구,유지,,Y
124,서구,Seogu,,,59,3,0,0,0,0,3,행정구,27170,서구,유지,,Y
715,은평구,Eunpyeong,5,서울시,99,3,2,0,0,0,5,행정구,11380,은평구,유지,,
129,달성군,Dalseonggun,,,64,2,0,0,0,0,2,행정구,27710,달성군,유지,,
710,양천구,Yangcheon,5,서울시,94,2,1,0,0,0,3,행정구,11470,양천구,유지,,
720,연제구,Yeonje,3,부산시,104,2,0,0,0,0,2,행정구,26470,연제구,유지,,
711,강북구,Gangbuk,5,서울시,95,1,0,0,0,0,1,행정구,11305,강북구,유지,,
118,사상구,Sasang,3,부산시,53,1,0,0,0,0,1,행정구,26530,사상구,유지,,
724,연수구,Yeonsu,7,인천시,108,1,0,0,0,0,1,행정구,28185,연수구,유지,,
415,중랑구,Jungnang,5,서울시,138,1,1,0,0,0,2,행정구,11260,중랑구,유지,,
725,계양구,Gyeyang,7,인천시,109,0,0,0,0,0,0,행정구,,,유지,빈구-legal앵커,
729,광산구,Gwangsan,23,광주시,113,0,0,0,0,0,0,행정구,,,유지,빈구-legal앵커,
723,금정구,Geumjeong,3,부산시,107,0,0,0,0,0,0,행정구,,,유지,빈구-legal앵커,
709,금천구,Geumcheon,5,서울시,93,0,0,0,0,0,0,행정구,,,유지,빈구-legal앵커,
728,남동구,Namdong,7,인천시,112,0,0,0,0,0,0,행정구,,,유지,빈구-legal앵커,
713,노원구,Nowon,5,서울시,97,0,0,0,0,0,0,행정구,,,유지,빈구-legal앵커,
731,대덕구,Daedeok,25,대전시,115,0,0,0,0,0,0,행정구,,,유지,빈구-legal앵커,
707,도봉구,Dobong,5,서울시,91,0,0,0,0,0,0,행정구,,,유지,빈구-legal앵커,
727,미추홀구,Michuhol,7,인천시,111,0,0,0,0,0,0,행정구,,,유지,빈구-legal앵커,
722,사하구,Saha,3,부산시,106,0,0,0,0,0,0,행정구,,,유지,빈구-legal앵커,
726,옹진군,Ongjin,7,인천시,110,0,0,0,0,0,0,행정구,,,유지,빈구-legal앵커,
732,울주군,Ulju,40,울산시,116,0,0,0,0,0,0,행정구,,,유지,빈구-legal앵커,
730,유성구,Yuseong,25,대전시,114,0,0,0,0,0,0,행정구,,,유지,빈구-legal앵커,
112,서면,Seomyeon,,,47,29,9,0,0,0,38,관광지,26230,부산진구,제거,중복병합-비대표,
109,서면,Seomyeon,,,44,1,2,0,0,0,3,관광지,26230,부산진구,제거,중복병합-비대표,
481,공릉,Gongneung,,,147,0,1,0,0,0,1,관광지,,,제거,blog·어학당 소속구 이관 후 삭제,
148,구파발,Gupabal,,,82,0,1,0,0,0,1,관광지,,,제거,blog·어학당 소속구 이관 후 삭제,
410,남천,Namcheon,,,133,0,1,0,0,0,1,관광지,,,제거,blog·어학당 소속구 이관 후 삭제,
471,대부도,Daebudo,,,143,0,1,0,0,0,1,관광지,,,제거,blog·어학당 소속구 이관 후 삭제,
889,부산공항,Busan Airport,,,157,0,2,0,0,0,2,관광지,,,제거,blog·어학당 소속구 이관 후 삭제,
466,신포,Sinpo,,,142,0,1,0,0,0,1,관광지,,,제거,blog·어학당 소속구 이관 후 삭제,
230,안지랑,Anjirang,,,135,0,1,0,0,0,1,관광지,,,제거,blog·어학당 소속구 이관 후 삭제,
888,청주공항,Cheongju Airport,,,156,0,0,0,0,0,0,관광지,,,제거,완전무링크삭제,
223,한성대,Hanseongdae,,,126,0,1,0,0,0,1,관광지,,,제거,blog·어학당 소속구 이관 후 삭제,
98,성수동,Seongsudong,,,34,37,21,0,0,0,58,동,11200,성동구,제거,중복병합-비대표,
210,부암동,Buamdong,,,90,0,4,0,0,0,4,동,,,제거,blog·어학당 소속구 이관 후 삭제,
465,송월동,Songwoldong,,,141,0,1,0,0,0,1,동,,,제거,blog·어학당 소속구 이관 후 삭제,
216,평창동,Pyeongchangdong,,,119,0,1,0,0,0,1,동,,,제거,blog·어학당 소속구 이관 후 삭제,

# ===== 범례 (legend) =====
# [action]
# 유지 = 행정구(구·시·군). DL로 존속
# 격상 = REGION 확정 (공개REGION 재배선 / 동 신규생성 / 중복대표)
# 격상후보 = 신규 관광지 REGION 후보. 다른 팀과 논의해 유지(REGION생성) / 드롭(구흡수) 결정
# 제거 = DL 삭제
# ★ 격상후보를 '드롭' 결정하면 → action=제거, note=구흡수, 스팟은 sgg_name(소속구)로 재태깅
# [action_note]
# 빈구-legal앵커 = 링크 없는 행정구지만 legal 기준점이라 유지
# 구-공개REGION연결有(신모델) = 이 구가 이미 공개 REGION에 연결됨
# 기존공개REGION재배선 = 공개 REGION 이미 존재(홍대·명동 등). 신규생성 말고 재배선
# 신규REGION생성 = 새 REGION 생성 (동 등)
# 중복대표(병합수신) = 동일이름 중복 대표행. 나머지를 여기로 병합
# 팀결정: 유지=REGION생성 / 드롭=구흡수(소속구 재태깅) = 격상후보 결정 대기
# 구흡수(소속구 재태깅) = REGION 미생성. 스팟을 소속 구로 재태깅 후 삭제(드롭 결정 시)
# blog·어학당 소속구 이관 후 삭제 = 스팟0·blog만. 소속 구로 옮기고 삭제
# 완전무링크삭제 = 링크 전무. 바로 삭제
# 중복병합-비대표 = 중복 비대표행. 대표로 병합 후 삭제
# [컬럼] region_count=연결 REGION 전체 / pub_region_count=그중 공개 REGION 수(격상판정 기준)
#        sgg_code/sgg_name=소속구_추정(스팟 legal_code 최빈 5자리 시군구·재태깅/REGION앵커 대상)
