group,code,imp,clk,ctr,spots,view_count,like_count,title
HIGH,5372,101,8,0.079208,1,9566,68,서울 야경 레스토랑  |  아이오유
HIGH,5005,107,7,0.065421,1,11262,23,결혼웨딩사진｜타임온미스튜디오(Time on me Studio)
HIGH,6995,151,8,0.052980,0,364,8,Food Delivery In Korea | Guide To Ordering Food In Korea
HIGH,1529,164,8,0.048780,1,182463,2022,궁가는여우｜경복궁 한복
HIGH,2353,418,19,0.045455,0,131564,126,어학당 총정리
HIGH,2901,1474,57,0.038670,0,108814,567,【韓國外送】2018年韓國必吃外送食物TOP5！배달주문어플(YOGIYO)로 핸드폰을 통해 배달음식을 주문하기+한국어 표현 방법 수록！
HIGH,2333,208,8,0.038462,0,27052,153,【首爾地鐵一號線】 搭乘地鐵征服首爾吧！搭上地鐵一號線來一趟首爾之旅！- 1탄
HIGH,5233,106,4,0.037736,0,19474,380,弘大「三層肉的神」探訪
HIGH,6733,482,18,0.037344,0,29195,22,Top 5 Shopping Apps in Korea 
HIGH,6065,131,4,0.030534,3,4174,94,[트립이지] 짐배송 서비스
HIGH,5110,136,4,0.029412,0,22952,18,한국 여행 비용 총 정리
HIGH,4825,139,4,0.028777,1,3278,15,부산 해운대｜초코비지네일
HIGH,5549,2991,86,0.028753,0,22767,222,手機查詢T-Money餘額教學
HIGH,3490,150,4,0.026667,1,68244,556,獨自一人去韓國旅遊的好處
HIGH,6481,155,4,0.025806,0,4058,3,韓國情人節整理
HIGH,4610,156,4,0.025641,1,5199,77,창경궁
HIGH,5671,162,4,0.024691,1,8041,49,감천문화마을｜감천문화역
HIGH,4480,759,18,0.023715,11,355235,1319,교촌치킨 배달 시작!
HIGH,4290,934,22,0.023555,5,44629,444,예스한복｜景福宮韓服
HIGH,4515,179,4,0.022346,6,20378,217,[하나투어ITC] 롯데월드 1일 자유이용권
HIGH,4819,195,4,0.020513,1,11774,116,부산서면카페｜빈티지38
HIGH,5120,391,8,0.020460,1,8666,57,한국 반영구 눈썹 시술 (리안메디센터(구줄리엣뷰티))
HIGH,4232,564,11,0.019504,1,77977,499,서울잠실프로듀스101교복대여＿이화교복(ehwa)
HIGH,4506,213,4,0.018779,0,264075,131,서울 숙박 총정리
HIGH,4774,231,4,0.017316,1,25574,255,홍대동물카페｜미어캣 프렌즈
HIGH,3781,671,11,0.016393,3,117333,1500,경복궁한복 | 해와달한복 한복대여+메이크업
HIGH,6222,252,4,0.015873,1,4245,109,백제삼계탕 
HIGH,867,262,4,0.015267,0,105313,959,韓國旅遊會話教學
HIGH,4728,1012,15,0.014822,47,68948,225,JUNO HAIR｜한국미용실 준오헤어
HIGH,4647,483,7,0.014493,1,44780,681,5%할인 | 엉터리생고기 명동점
HIGH,5538,1342,18,0.013413,1,3977,24,서울<->청주공항 간 고속버스 예매하기
HIGH,385,325,4,0.012308,0,107967,866,韓國咖啡廳韓文教學
HIGH,2041,686,8,0.011662,0,154272,508,한국 버스 이용 꿀팁 
HIGH,6269,343,4,0.011662,1,6644,138,2024 Creatrip X 신세계면세점 오프라인 할인 쿠폰(대만)
HIGH,5500,1962,22,0.011213,19,7569,12,[한국어는 리엔장 블로그 내용] Top 11 Skin Clinics to Visit in Gangnamㅣ2025 Edition (강남 추천 피부과) 
HIGH,5655,2757,29,0.010519,0,842,33,
HIGH,327,382,4,0.010471,0,83383,645,忠武路咖啡廳「Wonder Bread」探訪
HIGH,6307,1146,12,0.010471,4,3973,124,롯데월드 2022
HIGH,2692,390,4,0.010256,0,197567,599,서울 쇼핑 명소 TOP10
HIGH,836,795,8,0.010063,0,48564,164,2025首爾13處賞櫻景點推薦
HIGH,1603,399,4,0.010025,4,33101,544,DDP에서 뭐할까?
HIGH,4511,400,4,0.010000,0,55304,557,해리포터 테마 카페 : 홍대 943 킹스크로스 
MID,1525,1807,18,0.009961,3,19811,94,고속버스 이용 방법
MID,4457,834,8,0.009592,0,110356,672,2024弘大烤肉吃到飽懶人包
MID,3591,427,4,0.009368,5,101332,1153,인코리아한복 | 경복궁 한복
MID,5325,428,4,0.009346,1,23156,193,한국 고깃집 맛집 | 동대문정육식당
MID,2551,472,4,0.008475,3,159109,782,韓國旅遊注意事項
MID,3759,510,4,0.007843,0,70665,933,을지로 맛집 총정리
MID,5483,511,4,0.007828,0,262871,109,한국 입국 시 비자 정리
MID,6945,517,4,0.007737,0,6255,20,Useful Travel Items at Daiso
MID,6795,520,4,0.007692,0,65689,3,「素媛案」犯人將出獄
MID,2657,524,4,0.007634,0,146086,720,2024弘大咖啡廳懶人包
MID,3561,527,4,0.007590,0,25423,678,2024首爾「弘大」攻略/總整理
MID,1822,551,4,0.007260,0,76525,481,부산 돼지국밥 맛집TOP5
MID,5305,555,4,0.007207,0,54530,616,2026首爾自由行49個必去景點推薦
MID,2384,556,4,0.007194,0,97609,432,韓國旅遊必備8個App推薦
MID,2847,1799,12,0.006670,0,569618,3745,한국의 출입국 및 교통 정보 (업데이트 : 2022.06.07)
MID,158,1311,8,0.006102,28,688033,2303,서울｜한복 대여 총정리
MID,4896,675,4,0.005926,0,21997,347,首爾「COEX星空圖書館」時間/探訪攻略
MID,4867,676,4,0.005917,4,35613,173,동대문 교통 총정리
MID,852,686,4,0.005831,0,30315,373,2025釜山地鐵/火車/公車交通懶人包
MID,1491,2067,12,0.005806,10,705714,4820,한국 환전 방법 
MID,4318,693,4,0.005772,4,77446,364,순시키헤어
MID,5075,2461,14,0.005689,1,357519,1640,2024 Creatrip X 롯데면세점 오프라인 쿠폰 혜택(대만)
MID,4620,705,4,0.005674,0,49966,14,韓國大學排名 TOP 5
MID,4468,1995,11,0.005514,0,209650,254,韓國泡麵/食品帶回台灣限制
MID,5797,2759,15,0.005437,10,7162,55,2026明洞10間醫美/皮膚科推薦
MID,938,760,4,0.005263,0,171695,1711,인천공항 총정리
MID,5317,779,4,0.005135,0,19591,258,한국의 사진관 총정리 
MID,5362,788,4,0.005076,0,249068,351,한국 교통 총정리
MID,4686,834,4,0.004796,0,33937,337,首爾烤肉50間推薦懶人包(吃到飽/單點)
MID,4199,857,4,0.004667,0,18809,223,창덕궁
MID,5164,860,4,0.004651,0,28712,283,東大門「陳玉華一隻雞」交通/食記
MID,1925,908,4,0.004405,0,139694,516,한국 3대마트에서 꼭 사야할 물품 정리!
MID,3452,920,4,0.004348,0,139913,584,釜山必買紀念品
MID,3001,2793,12,0.004296,10,213977,1280,명동 맛집 총정리
MID,1399,1715,7,0.004082,0,38750,369,2025釜山海雲台13間美食必吃推薦
MID,5565,1811,7,0.003865,8,8193,46,2026 청주공항 교통/환전/시설 핵심 정리
MID,1435,1068,4,0.003745,0,13073,191,2026釜山金海機場交通/退稅/換錢整理
MID,2527,1213,4,0.003298,0,71330,331,韓國墨鏡/眼鏡必逛10個品牌
MID,5604,2214,7,0.003162,0,20854,214,弘大入口站行李保管/寄放懶人包
MID,810,4903,15,0.003059,0,36336,349,성수/건대 맛집 총정리
MID,5619,1328,4,0.003012,0,12548,93,南浦洞樂天超市光復店探訪
MID,1796,1332,4,0.003003,0,69354,203,釜山百貨公司品牌/分店總整理
MID,4429,1362,4,0.002937,0,36594,26,한국 계절별 과일 총정리
MID,4477,1362,4,0.002937,0,37028,19,韓國香蕉牛奶新口味/歷年口味介紹
MID,3613,1632,4,0.002451,0,103477,439,한국에서 사야할 립밤 추천TOP6！
MID,4689,1671,4,0.002394,0,19820,85,제주 기념품 추천
MID,1740,3076,7,0.002276,4,52362,458,KTX 예매부터 탑승까지! 
MID,5276,3318,7,0.002110,0,29103,254,한국 콘센트와 멀티 어댑터 구매 장소
MID,4572,1964,4,0.002037,4,97595,282,韓國「Egg Drop」分店整理
MID,319,3930,8,0.002036,0,129092,311,인천공항 심야 교통
MID,2351,1986,4,0.002014,15,306233,2242,홍대 맛집 TOP5
MID,703,4327,8,0.001849,0,784907,991,한국 날씨 사계절 옷차림 총정리
MID,5053,4942,8,0.001619,30,20977,133,인천공항 제2터미널 총정리
MID,6763,2656,4,0.001506,1,139690,18,韓國姓氏排名/常見與稀有姓氏
MID,4723,5796,8,0.001380,0,98001,373,한국 스트릿 패션 브랜드 추천
MID,5223,33253,39,0.001173,0,18673,534,2026韓國「SeS自動通關」申請教學
MID,1696,8994,7,0.000778,2,113939,962,서울역-인천공항 AREX 직통열차 타는법
ZERO,2,2295,0,0.000000,0,306440,1872,한국롯데마트 추천
ZERO,14,181,0,0.000000,0,34582,138,韓國炸雞口味推薦
ZERO,76,142,0,0.000000,0,16173,151,5대궁
ZERO,86,357,0,0.000000,4,66660,443,首爾7間必吃豬腳店盤點
ZERO,125,212,0,0.000000,0,25557,309,便利商店/漢江泡麵機使用教學
ZERO,164,2168,0,0.000000,8,104978,568,교통카드의 종류와 구매&충전 방법
ZERO,216,317,0,0.000000,20,47273,412,서울 지역별 실내활동 총정리 | 강남  홍대  명동
ZERO,316,168,0,0.000000,0,53541,31,韓國人的14種迷信盤點
ZERO,347,2755,0,0.000000,11,132464,912,【2026년 최신】 서울·부산의 찜질방(사우나) 추천 9선 | 24시간 영업·여성 전용·아이돌 성지
ZERO,407,130,0,0.000000,2,19501,90,한국 중화요리 총정리
ZERO,414,4368,0,0.000000,0,489952,2937,한국에서 Tax refund 받는 방법
ZERO,429,550,0,0.000000,0,124121,1456,韓國旅行必知：韓國餐廳中韓菜單
ZERO,465,569,0,0.000000,1,141429,1143,서울지하상가 총정리!
ZERO,470,652,0,0.000000,0,42062,415,「甘川文化村」探訪
ZERO,507,172,0,0.000000,1,142702,1405,경복궁 ㅣ 공주한복
ZERO,513,152,0,0.000000,0,22276,5,韓國當兵/軍隊文化
ZERO,517,146,0,0.000000,0,33578,191,韓國汗蒸幕零食推薦
ZERO,662,1147,0,0.000000,0,12060,170,昌德宮「秘苑」預約教學/探訪
ZERO,675,327,0,0.000000,0,109783,1025,首爾地鐵2號線行程/必玩攻略
ZERO,682,600,0,0.000000,0,97765,590,서울 시장 총정리 2022
ZERO,724,1083,0,0.000000,0,74496,386,서울 심야버스
ZERO,756,160,0,0.000000,0,12633,171,《孤單又燦爛的神：鬼怪》7個拍攝地總整理
ZERO,778,181,0,0.000000,0,34473,292,韓服租借/挑選/注意事項整理
ZERO,781,520,0,0.000000,0,71156,450,忠武路美食總整理
ZERO,798,352,0,0.000000,0,109108,547,2025釜山必吃10種美食推薦
ZERO,823,127,0,0.000000,0,31866,170,首爾生活韓服店家TOP9
ZERO,825,195,0,0.000000,0,12010,128,首爾必去4個韓屋村盤點
ZERO,839,261,0,0.000000,0,83801,246,서울 채식식당 정리
ZERO,860,111,0,0.000000,0,24682,108,2025全州美食18間必吃整理
ZERO,902,417,0,0.000000,0,19789,292,2022인사동 맛집 총정리
ZERO,923,185,0,0.000000,0,42843,253,東大門「東廟市場」探訪
ZERO,963,1871,0,0.000000,5,131112,408,서울역 맛집 추천
ZERO,974,124,0,0.000000,8,23994,113,2026釜山7處賞櫻景點推薦
ZERO,975,161,0,0.000000,0,65083,386,富平罐頭市場探訪
ZERO,990,182,0,0.000000,5,81836,553,[트래볼루션] 한복남 경복궁점(서촌)  창덕궁점  전주한옥마을점
ZERO,993,277,0,0.000000,0,53925,848,弘大延南洞美食11間必吃推薦
ZERO,996,125,0,0.000000,0,17793,112,漢江腳踏車出租店彙整
ZERO,999,142,0,0.000000,0,18697,194,釜山站美食
ZERO,1037,115,0,0.000000,0,206802,337,서울 물가 비교
ZERO,1041,253,0,0.000000,0,17240,138,首爾「南山谷韓屋村」探訪
ZERO,1047,181,0,0.000000,0,5432,68,春川「江村鐵道腳踏車」探訪
ZERO,1052,727,0,0.000000,4,35028,131,2026景福宮夜間開放攻略
ZERO,1074,295,0,0.000000,0,115145,120,15 Korean Slangs That You Must Know! (2022ver.)
ZERO,1085,175,0,0.000000,1,56769,327,한복잇집
ZERO,1116,661,0,0.000000,0,56590,543,망원시장 2022 업데이트
ZERO,1240,189,0,0.000000,0,201545,1459,새로운 서울의 핫 플레이스 TOP5
ZERO,1366,251,0,0.000000,0,123855,376,江南「江南地下街」探訪
ZERO,1374,188,0,0.000000,0,33284,32,韓國練歌房(KTV/卡拉ok)介紹
ZERO,1378,136,0,0.000000,0,100512,2264,梨大明洞必逛商店推薦
ZERO,1422,227,0,0.000000,0,24233,325,[월드코리아] 롯데타워 서울스카이 입장권
ZERO,1431,497,0,0.000000,0,49802,303,韓國烤肉部位推薦/翻譯
ZERO,1466,200,0,0.000000,0,77428,395,신사동 가로수길에서 가볼만한 곳
ZERO,1493,778,0,0.000000,0,60675,247,首爾「星巴克」特色門市整理
ZERO,1505,1516,0,0.000000,0,17678,99,汗蒸幕羊咩咩頭教學
ZERO,1507,113,0,0.000000,0,16802,152,한강대교 총정리
ZERO,1532,417,0,0.000000,2,19565,82,韓國音樂節目錄影/生放送申請入場教學
ZERO,1534,348,0,0.000000,0,69170,150,베스킨 라빈스 31 TOP 10
ZERO,1552,131,0,0.000000,0,8820,93,GOT7 Mark便利店食譜
ZERO,1556,744,0,0.000000,0,91918,456,남이섬 ITX 타는법
ZERO,1558,124,0,0.000000,0,57530,35,韓國男生戀愛觀
ZERO,1570,750,0,0.000000,13,59277,122,김포공항(국제선  국내선) 총정리
ZERO,1665,647,0,0.000000,2,225327,871,서울 고속터미널 지하상가 탐방기
ZERO,1668,103,0,0.000000,0,163837,493,신촌쇼핑거리 U-PLEX 탐방기
ZERO,1747,237,0,0.000000,0,48466,152,한국에만 있는 맥도날드 메뉴 소개! 한국왔으면 이건 먹고가야지~
ZERO,1759,1672,0,0.000000,0,49988,138,"인천공항 내부 캡슐 호텔 ""다락휴"""
ZERO,1769,601,0,0.000000,0,159719,176,서울에서 부산 가는 방법 총정리
ZERO,1775,1838,0,0.000000,0,141853,434,2022 한국 우체국에서 짐 붙이기
ZERO,1790,170,0,0.000000,0,38227,202,2023海雲台咖啡廳懶人包
ZERO,1802,205,0,0.000000,0,26297,260,釜山1003號公車自由行吧
ZERO,1813,241,0,0.000000,0,80256,130,韓國必買的3ce人氣單品
ZERO,1848,156,0,0.000000,0,29807,279,2018 해운대 청사포 여행
ZERO,1870,131,0,0.000000,0,35372,131,서울  대구  부산에서 경주 가는 법 총정리~
ZERO,1902,145,0,0.000000,0,38150,196,부평지하상가
ZERO,1917,597,0,0.000000,0,35149,379,서울에서 꼭 방문해봐야할 한옥 카페
ZERO,1940,518,0,0.000000,0,98760,473,경복궁 맛집 총정리
ZERO,1946,114,0,0.000000,0,62012,183,한국다이소 탐방기
ZERO,1951,817,0,0.000000,0,78432,589,한국인들이 정말 좋아하는 곱창! 서울에서 한국인들에게 인기 있는 곱창집 TOP5!
ZERO,1952,687,0,0.000000,0,19605,217,서울숲 탐방기
ZERO,1962,251,0,0.000000,0,65963,175,한국인에게 인기 있는 존예 OLENS 컬러렌즈 추천！
ZERO,2002,1429,0,0.000000,0,108479,363,한국에 왔다면 꼭 먹어봐야 할 과자 추천
ZERO,2020,120,0,0.000000,0,27122,88,맘스터치 메뉴 소개
ZERO,2030,2163,0,0.000000,0,66201,142,2025韓國啤酒10款好喝/熱門推薦
ZERO,2043,1331,0,0.000000,0,72210,189,한국인이 직접 소개하는 서울의 핫플레이스 강남맛집!!
ZERO,2052,118,0,0.000000,0,39631,187,東大門必買美妝整理
ZERO,2075,131,0,0.000000,0,70367,6,"한국 대표 미제사건 ""화성 연쇄 살인 사건"" & ""개구리 소년"""
ZERO,2077,1062,0,0.000000,2,136579,611,동대문 쇼핑  총정리
ZERO,2103,239,0,0.000000,0,25637,137,서울 강남에서 요즘 핫한 디저트 맛집은 어디일까? 한국사람이 직접 소개하는 강남 디저트 맛집 TOP3
ZERO,2166,881,0,0.000000,0,91094,168,韓國米酒(馬格利)推薦/介紹
ZERO,2237,199,0,0.000000,0,4566,63,한국 지명을 딴 한국 맥주들을 소개합니다
ZERO,2245,215,0,0.000000,0,31485,204,【首爾地鐵三號線】한국 지하철을 타고 서울을 정복해봐요! 지하철 3호선을 타고 서울 여행하기!
ZERO,2276,166,0,0.000000,0,28278,126,【韓國必買茶品】韓國必去오설록 티하우스! 오설록의 제품들과 오설록 티하우스 소개!
ZERO,2302,177,0,0.000000,2,72460,164,하늘공원
ZERO,2304,212,0,0.000000,0,14237,25,韓國必買大學棒球外套
ZERO,2309,441,0,0.000000,0,69864,379,신사동 가로수길 맛집  카페 추천
ZERO,2319,292,0,0.000000,1,45221,254,부산한복 | 철수와영희
ZERO,2360,246,0,0.000000,0,83553,572,한국 사람들이 좋아하는 연남동 추천
ZERO,2393,106,0,0.000000,0,32316,213,【水原旅遊】 서울에서 지하철 1호선을 타고 수원 당일치기 여행 하기! 세계문화유산인 수원화성에서 양궁체험과 고궁여행을 떠나세요!
ZERO,2398,468,0,0.000000,0,55595,154,韓國洋芋片必買款
ZERO,2412,908,0,0.000000,0,62578,481,한강공원 총정리
ZERO,2418,440,0,0.000000,0,42807,276,韓國「ARTBOX」分店整理
ZERO,2445,379,0,0.000000,0,80323,162,首爾夜店攻略
ZERO,2446,178,0,0.000000,0,64449,208,韓國OST/LLOYD/CLUE介紹
ZERO,2452,202,0,0.000000,2,11251,92,[트래볼루션] 서울(광화문) 시티투어버스
ZERO,2455,132,0,0.000000,0,33972,293,韓國必買CHICOR美妝賣場
ZERO,2462,159,0,0.000000,0,132295,207,이니스프리에서 인기 있는 라인 소개
ZERO,2476,152,0,0.000000,0,151108,68,【韓國文化】 서울지하상가에서는 한국에서 만든 옷을 사기 힘들다? MADE IN KOREA는 얼마나 될까?
ZERO,2487,1966,0,0.000000,8,214904,455,택시 팁
ZERO,2492,142,0,0.000000,0,71824,187,삼성동 총정리
ZERO,2505,239,0,0.000000,0,106095,20,【韓國文化】 왜 한국 드라마에는 모두 불륜과 바람이 나올까? 한국인들의 바람과 불륜！
ZERO,2514,498,0,0.000000,0,201779,608,韓國平價服飾品牌懶人包
ZERO,2528,493,0,0.000000,11,54250,922,광장시장 2022 업데이트
ZERO,2532,171,0,0.000000,0,33673,446,首爾創意市集整理
ZERO,2561,1370,0,0.000000,0,394534,1130,2019년 올리브영 명동 플래그쉽스토어 탐방기!
ZERO,2562,193,0,0.000000,0,77492,339,이태원 하루 여행하기
ZERO,2563,460,0,0.000000,0,60476,563,首爾夜景推薦
ZERO,2568,785,0,0.000000,0,97588,1075,명동길거리음식 추천
ZERO,2600,483,0,0.000000,0,145285,600,부산 남포동 맛집 총정리 (대만어기존)
ZERO,2602,389,0,0.000000,1,64125,526,韓國可獨自用餐餐廳推薦
ZERO,2607,578,0,0.000000,0,88276,511,釜山西面總整理
ZERO,2612,201,0,0.000000,0,36343,263,경복궁 카페 추천 TOP6
ZERO,2627,556,0,0.000000,0,144935,1191,서울 아침식사 총정리
ZERO,2663,294,0,0.000000,0,66510,24,【韓國文化】한국에서는 왜 태어나자마자 한살이 될까? 한국의 나이계산법!
ZERO,2688,309,0,0.000000,0,55833,44,예쁘기로 소문난 실제 한국 고등학교 교복
ZERO,2690,196,0,0.000000,0,15836,17,<與神同行>的7個地獄傳說
ZERO,2695,294,0,0.000000,0,163480,1010,한국 지하철 노선도 총정리！
ZERO,2799,162,0,0.000000,0,94945,18,【韓國文化】한국에 여행올 때 여기는 절대 가지마세요！한국에서 귀신이 나온다고 유명한 鬼屋와 凶宅！
ZERO,2801,229,0,0.000000,0,40590,731,서울의 떡볶이 맛집 추천
ZERO,2809,120,0,0.000000,0,98682,64,台韓飲食/用餐文化差異
ZERO,2829,293,0,0.000000,0,57005,189,永登浦「emart」探訪
ZERO,2849,950,0,0.000000,0,107424,621,동대문 맛집 총정리~
ZERO,2872,139,0,0.000000,1,27115,330,首爾龍山汗蒸幕體驗
ZERO,2884,371,0,0.000000,0,11200,9,【韓國文化】《哭聲》  《黑祭司》로 보는 韓國算命文化！칼위에서 춤을 춰도 발을 잘리지 않는다고？한국의 巫術  巫教(薩滿教)～
ZERO,2914,307,0,0.000000,0,33021,188,永登浦必吃美食 Top 8
ZERO,2945,146,0,0.000000,0,22310,389,【韓國美妝】不會韓文也沒關係！韓國自由旅行할때 꼭 필요한 화장품과 관련된 한국어 총정리！
ZERO,2963,303,0,0.000000,0,72669,71,2026韓國打工渡假申請指南/常見問答
ZERO,2969,166,0,0.000000,0,224568,1305,이대 쇼핑 탐방기
ZERO,2995,154,0,0.000000,0,85083,1018,명동 체험 총정리
ZERO,3003,105,0,0.000000,0,59074,113,한국사람들이 고기를 먹는 특별한 방법
ZERO,3048,461,0,0.000000,0,67719,351,【韓國文化】한국의 포장마차 문화！한국에서는 길거리에서 앉아서 음식을 먹을 수 있다고？！
ZERO,3059,1174,0,0.000000,0,112721,306,【韓國必買】2018년 최근 한국에서 꼭사가야할 한국라면 TOP10！한국에 여행온다면 必吃하세요～
ZERO,3094,169,0,0.000000,0,126538,537,한국 편의점에서 꼭 구매햐알 음식!
ZERO,3098,380,0,0.000000,0,293279,404,한국여행시 금기사항
ZERO,3106,1831,0,0.000000,0,246387,2020,한국 악세사리 쇼핑점 추천 TOP3
ZERO,3116,131,0,0.000000,0,47607,412,首爾「蠶室地下街」探訪攻略
ZERO,3165,4176,0,0.000000,0,265720,889,한국 여행 필수 기념품 목록
ZERO,3173,654,0,0.000000,0,187487,1071,홍대 홈플러스 탐방기!
ZERO,3174,218,0,0.000000,0,33672,14,【韓國文化】한국의 모텔 문화！한국에는 모텔이 왜 그렇게 많을까？한국 모텔의 비밀과 단점！
ZERO,3196,530,0,0.000000,0,132686,668,한국 모든 공항버스
ZERO,3310,998,0,0.000000,0,68019,650,한국 카페가이드 | 명동
ZERO,3401,887,0,0.000000,7,83138,1118,韓國人推薦必吃炸雞TOP7
ZERO,3502,464,0,0.000000,1,47815,420,남이섬
ZERO,3592,310,0,0.000000,2,74969,747,오늘하루한복 | 경복궁 한복
ZERO,3600,258,0,0.000000,0,14813,108,韓國必買人氣冰品總整理
ZERO,3625,2539,0,0.000000,0,157431,226,韓國燒酒21款推薦/酒精濃度整理
ZERO,3626,196,0,0.000000,0,93874,819,서울인사동공략법
ZERO,3643,242,0,0.000000,0,326152,328,한국 신발 브랜드 추천
ZERO,3709,446,0,0.000000,1,20635,154,韓國SRT搭乘/購票教學
ZERO,3725,198,0,0.000000,0,114394,518,2026台灣/韓國直飛航線整理
ZERO,3764,103,0,0.000000,0,18955,207,梨泰院酒吧 Top 5
ZERO,3768,606,0,0.000000,0,163133,651,롯데마트에서 꼭 사야할 것 
ZERO,3782,177,0,0.000000,0,59977,283,[2020/대구관광뷰로] 대구 미식 총정리2(기존조회수 58731)
ZERO,3829,450,0,0.000000,0,97868,1103,명동에서 반드시 가야할 쇼핑몰：인기 여성복매장 Top 5！
ZERO,3832,696,0,0.000000,3,85565,431,한국 여성 신발가게 추천!
ZERO,3851,148,0,0.000000,0,25423,447,韓國11種特色DIY手作體驗推薦
ZERO,3899,335,0,0.000000,0,100461,120,【韓國酒】술의 달인 한국인！한국인이 알려주는 폭탄주 10가지！(숙소에서 한국 폭탄주 제조하기)
ZERO,3904,595,0,0.000000,0,124990,765,No Brand必買推薦
ZERO,3908,154,0,0.000000,0,149330,31,【韓國文化】외국인에게는 신기한 한국인의 생활습관 6가지！한국인들은 양말을 신고 슬리퍼를 신는다고？
ZERO,3938,205,0,0.000000,0,15181,96,韓國五家連鎖咖啡廳
ZERO,3951,625,0,0.000000,2,60273,1043,남산(N서울타워)총정리
ZERO,4001,297,0,0.000000,0,60310,499, 청계천
ZERO,4027,670,0,0.000000,0,34733,422,2025釜山自由行49個景點推薦
ZERO,4126,217,0,0.000000,1,35224,230,부산_움직이는사진상점
ZERO,4145,218,0,0.000000,0,32870,489,景福宮西村攻略
ZERO,4156,219,0,0.000000,0,4373,80,明洞漫畫街/趣味路
ZERO,4217,118,0,0.000000,0,94564,747,鐘路益善洞攻略
ZERO,4238,151,0,0.000000,2,22351,167,인사동나만의도장만들기_인사동케이아트센터
ZERO,4239,160,0,0.000000,0,12195,12,韓國人的夏季假期「暑休」
ZERO,4249,322,0,0.000000,0,24810,2,韓國人的祖先是誰？
ZERO,4251,281,0,0.000000,4,15678,90,부산  대구  전주 한복/의상 대여 총정리
ZERO,4256,109,0,0.000000,0,28856,230,성수&건대 총정리 가이드
ZERO,4264,246,0,0.000000,0,13880,124,2023仁寺洞咖啡廳懶人包
ZERO,4265,174,0,0.000000,1,80428,898,한복소녀 | 경복궁 한복
ZERO,4267,146,0,0.000000,1,15387,44,광명동굴
ZERO,4269,152,0,0.000000,0,12161,57,文來洞美食攻略
ZERO,4278,183,0,0.000000,0,13456,17,거제도여행공략
ZERO,4295,347,0,0.000000,0,60226,190,한국 식당에서 어색하지 않게 주문하고 결제하는 법!
ZERO,4308,136,0,0.000000,0,38343,236,2023弘大延南洞咖啡廳懶人包
ZERO,4310,187,0,0.000000,0,22888,49,[2021/인천관광공사] 월미도 & 인천 차이나타운
ZERO,4328,129,0,0.000000,0,17398,265,釜山南浦洞美食 Top 10
ZERO,4346,147,0,0.000000,0,42963,156,弘大合井美食推薦
ZERO,4348,100,0,0.000000,0,13484,42,2025韓國「全州」旅遊懶人包
ZERO,4351,1422,0,0.000000,0,50062,374,부산 필매 2018 부산 마트 총정리
ZERO,4352,159,0,0.000000,0,35371,180,新村美食推薦(2)
ZERO,4383,143,0,0.000000,0,7322,27,昌原鎭海 맛집 추천 TOP7
ZERO,4391,217,0,0.000000,0,30098,116,弘大酒吧  弘大bar TOP10 추천！
ZERO,4396,422,0,0.000000,0,7457,245,성수 카페 추천
ZERO,4402,133,0,0.000000,1,25223,80,[2021/강원도관광재단] 차가 없어도 할 수 있는 강원도 뚜벅이 여행(강릉)
ZERO,4419,167,0,0.000000,0,31260,69,용산역 탐방기 韓國龍山
ZERO,4432,122,0,0.000000,0,6384,26,龍山「O'sulloc 1979」探訪
ZERO,4437,583,0,0.000000,4,30221,171,廣藏市場棉被材質/殺價/推薦懶人包
ZERO,4444,847,0,0.000000,1,24485,89,한국 고속버스 예매 서비스
ZERO,4445,129,0,0.000000,0,17939,194,2023北村三清洞咖啡廳懶人包
ZERO,4460,199,0,0.000000,0,42797,207,明洞Young Plaza探訪
ZERO,4463,160,0,0.000000,0,14672,109,首爾麻浦區美食推薦
ZERO,4481,412,0,0.000000,2,27135,323,서울역-인천공항 직통열차 AREX 할인판매 
ZERO,4501,114,0,0.000000,0,15898,6,2022韓國蓋洛普民調(歌手/歌曲/演員)
ZERO,4503,220,0,0.000000,0,22189,251,이대 맛집 공릉닭한마리
ZERO,4508,178,0,0.000000,0,24873,8,2026韓國最低薪資
ZERO,4510,186,0,0.000000,1,38524,137,부산證件照｜우리동네사진관 서면점
ZERO,4514,313,0,0.000000,0,28635,219,24시간 연중무휴 동묘조마루감자탕 신설점
ZERO,4527,274,0,0.000000,0,37686,131,이태원 맛집 총정리
ZERO,4533,363,0,0.000000,1,25640,108,제주도 여행 일정 총정리
ZERO,4546,509,0,0.000000,0,62647,3,韓國護照將換色
ZERO,4550,132,0,0.000000,0,56788,696,명동 쇼핑 총정리
ZERO,4552,167,0,0.000000,0,27659,129,제주도에서 꼭 먹어야할 미식 TOP10
ZERO,4558,2734,0,0.000000,0,89472,149,다이소 추천 제품 TOP 10
ZERO,4560,138,0,0.000000,0,26434,319,2023新沙洞/狎鷗亭購物懶人包 
ZERO,4562,112,0,0.000000,0,16123,11,한국 남녀는 어떻게 만날까!?(완성)
ZERO,4566,100,0,0.000000,0,29275,129,홀리카홀리카 TOP10 추천
ZERO,4569,256,0,0.000000,0,49923,354,首爾行程懶人包
ZERO,4570,1598,0,0.000000,1,120313,1589,홍대 쇼핑 가이드
ZERO,4576,268,0,0.000000,8,23899,321,[클룩] N서울타워(남산타워) 전망대 입장권
ZERO,4577,154,0,0.000000,0,42063,129,2019 한국 여행 가볼만한 곳! 한국관광100선(韓國觀光100)
ZERO,4589,811,0,0.000000,0,31276,214,2023江南購物懶人包
ZERO,4594,138,0,0.000000,0,46221,383,新村地圖懶人包
ZERO,4603,337,0,0.000000,0,31713,73,한국 드럭스토어 총정리
ZERO,4616,675,0,0.000000,1,28247,245,新沙洞林蔭大道신사 가로수길 탐방
ZERO,4635,129,0,0.000000,1,41373,217,9折｜건딸기｜남대문시장 장안상사
ZERO,4658,657,0,0.000000,1,46846,322,광장시장 156호 아씨방 이불
ZERO,4659,179,0,0.000000,1,22369,273,명동맛집｜THE SIC-DDANG(더식당)
ZERO,4683,281,0,0.000000,3,9259,65,[플레이스엠] 용인 에버랜드 탐방기 (자유이용권 판매)
ZERO,4700,291,0,0.000000,0,32133,137,2026韓國櫻花預測/慶典時間整理
ZERO,4702,101,0,0.000000,0,24523,241,이대 캠퍼스 & ecc 탐방기
ZERO,4710,377,0,0.000000,1,57884,578,남대문시장 탐방기 2022
ZERO,4713,111,0,0.000000,0,124252,7,韓國史上重大意外/災難盤點
ZERO,4716,167,0,0.000000,1,17237,169,홍대 반지 만들기 체험｜홍대 반지 카페
ZERO,4753,566,0,0.000000,0,5136,73,首爾「奉恩寺」探訪/手鍊購買攻略
ZERO,4758,988,0,0.000000,0,42833,218,東大門超市「emart」探訪/退稅攻略
ZERO,4766,121,0,0.000000,0,10403,28,便利商店熱狗推薦
ZERO,4768,1233,0,0.000000,0,95697,670,首爾「弘大」交通懶人包
ZERO,4770,1365,0,0.000000,0,59996,663,홍대 아침식사하기 좋은 곳
ZERO,4772,319,0,0.000000,1,15395,395,景福宮「土俗村蔘雞湯」探訪(可訂位)
ZERO,4786,124,0,0.000000,0,16858,59,首爾「藥令市場」探訪
ZERO,4794,237,0,0.000000,2,5640,64,「昌德宮」夜間開放(月光紀行)時間/資訊
ZERO,4802,324,0,0.000000,0,59466,192,부산 서면 지하상가 탐방기
ZERO,4835,159,0,0.000000,0,6950,14,韓國速食店招牌菜單
ZERO,4840,399,0,0.000000,1,49693,376,마장동 축산물시장 | 마장골
ZERO,4844,185,0,0.000000,1,46907,339,홍대證件照｜우리동네사진관 홍대점
ZERO,4852,107,0,0.000000,0,10280,91,「鷺梁津杯飯街」探訪
ZERO,4854,107,0,0.000000,0,11132,92,首爾「慶熙大學」探訪
ZERO,4855,234,0,0.000000,0,25209,309,핫한 신사동 가로수길 카페 추천
ZERO,4868,152,0,0.000000,1,24181,219,홍대맛집｜옹다래 찜닭
ZERO,4874,157,0,0.000000,0,16029,0,한국  임신 초기의 낙태를 허용하다
ZERO,4877,125,0,0.000000,0,38405,198,新村「No Brand」探訪
ZERO,4898,529,0,0.000000,0,17533,166,白險灘文化村
ZERO,4899,233,0,0.000000,0,22283,186,東大門夜市探訪記
ZERO,4909,192,0,0.000000,1,13179,113,노량진 수산 시장 체험기
ZERO,4915,259,0,0.000000,0,33249,172,2026第2季(4-6月)韓國飯店退稅教學/名單
ZERO,4919,138,0,0.000000,6,9240,49,[대만홍콩은 총정리로 활용중] 한국 반영구 아이라인、틴트입술 체험기 (리엔장)
ZERO,4927,124,0,0.000000,0,38049,90,[2021/대구관광재단] 동성로 패션 트렌드 (기존조회수 : 42450
ZERO,4951,364,0,0.000000,0,4600,25,濟州島繡球花季必去8個景點
ZERO,4958,212,0,0.000000,0,5420,0,韓國父母節文化
ZERO,4961,1332,0,0.000000,0,33557,149,東大門昌信洞玩具/文具街探訪
ZERO,4964,461,0,0.000000,1,50499,99,坡州outlet探訪
ZERO,4971,118,0,0.000000,0,19666,280,首爾必去10大景點
ZERO,4988,128,0,0.000000,0,19848,118,仁川機場入境區免稅店資訊
ZERO,4989,156,0,0.000000,1,7124,57,올림픽 공원
ZERO,5009,185,0,0.000000,1,63210,345,弘大鞋店 | SHOOPEN弘大店(附9折券)
ZERO,5011,165,0,0.000000,0,60401,417,弘大「時空間」探訪
ZERO,5017,102,0,0.000000,0,5378,91,「德壽宮」夜間開放時間/資訊
ZERO,5035,661,0,0.000000,0,4199,54,5월의 꽃 장미 명소
ZERO,5037,102,0,0.000000,1,39788,7,한국의 결혼문화! 결혼식 사회와 주례  축가도 아르바이트도 있다?
ZERO,5044,1139,0,0.000000,1,19330,241,한국에서 인기 있는 마스크팩 탑 6
ZERO,5057,138,0,0.000000,0,12051,94,機張「海東龍宮寺」探訪
ZERO,5062,532,0,0.000000,0,34847,114,東大門「鞋子批發市場」探訪
ZERO,5067,650,0,0.000000,3,39365,255,명동 교통 총정리
ZERO,5068,238,0,0.000000,0,50432,109,치킨 블로그 비교 총정리 
ZERO,5073,181,0,0.000000,0,48184,299,홍대 오브젝트(Object) 탐방 후기
ZERO,5084,916,0,0.000000,0,33921,15,한국 라면 매출 순위 Top 5!
ZERO,5085,242,0,0.000000,0,3009,5,무슬림을 위한 한국 기도실 정보
ZERO,5090,229,0,0.000000,0,5430,10,濟州島必去7個海水浴場
ZERO,5097,774,0,0.000000,0,160954,86,韓國髒話韓文教學
ZERO,5099,188,0,0.000000,0,41435,413,韓國「飯捲天國」推薦菜單
ZERO,5100,1138,0,0.000000,0,37480,261,2026韓國旅遊要帶多少錢？首爾自由行5天4夜花費分項一次看
ZERO,5116,102,0,0.000000,0,4264,17,2022년 한강수영장 6곳 개장!
ZERO,5122,125,0,0.000000,0,31018,274,首爾吐司店懶人包
ZERO,5128,301,0,0.000000,10,12501,216,유심 총정리
ZERO,5130,286,0,0.000000,0,32404,170,도서관 명소 정리
ZERO,5139,122,0,0.000000,0,142950,9,韓國離婚制度介紹
ZERO,5143,154,0,0.000000,0,13889,91,南大門「辣燉魚街」探訪
ZERO,5148,104,0,0.000000,0,38004,357,2022弘大文具店懶人包
ZERO,5154,110,0,0.000000,0,16002,103,서울 인기 명소! 성수연방 총정리
ZERO,5176,268,0,0.000000,0,39425,52,你不知道的韓國冷知識(1)
ZERO,5179,103,0,0.000000,0,10114,49,2019년 최신! 한국 여름 축제 총 정리
ZERO,5201,192,0,0.000000,0,36086,109,加山outlet探訪記
ZERO,5204,459,0,0.000000,0,18340,112,南大門「童裝街」探訪
ZERO,5206,107,0,0.000000,0,15796,128,南大門「刀削麵街」探訪
ZERO,5213,898,0,0.000000,0,12700,13,한국인이 자주가는 카페 정리
ZERO,5214,136,0,0.000000,0,9101,34,한국 워터파크 총정리
ZERO,5263,913,0,0.000000,0,53811,344,韓國必逛Outlets品牌/分店整理
ZERO,5266,147,0,0.000000,1,18078,47,한국 사람처럼 매끈하게 겨드랑이 레이저 제모 하기 (타토아)
ZERO,5267,502,0,0.000000,0,13139,59,梨大「星巴克1號店」探訪
ZERO,5294,694,0,0.000000,0,144562,554,來韓國買才划算的品牌
ZERO,5310,195,0,0.000000,0,33828,215,韓國住宿必讀9點注意事項
ZERO,5321,106,0,0.000000,0,19204,46,大邱七星夜市/西門夜市資訊
ZERO,5326,227,0,0.000000,0,14970,219,어니언 북촌(안국점)
ZERO,5332,262,0,0.000000,0,20414,254,《德魯納酒店》9個拍攝地總整理
ZERO,5343,109,0,0.000000,4,13642,108,북촌사진관 | 경복궁 야외 사진 촬영
ZERO,5353,1155,0,0.000000,0,42557,216,韓國大創推薦必買13樣小物
ZERO,5357,279,0,0.000000,1,12287,118,[티테라피] 한방족욕카페｜티테라피(Tea Therapy)
ZERO,5359,187,0,0.000000,0,70868,463,便利店必買什麼？
ZERO,5377,357,0,0.000000,0,8047,78,首爾13間景觀/紀念日/約會餐廳推薦
ZERO,5379,117,0,0.000000,1,32994,631,엉터리생고기 홍대점
ZERO,5386,3069,0,0.000000,0,42448,121,2026韓國國定假日(連假)整理
ZERO,5404,141,0,0.000000,0,246913,131,한국 문화 총정리
ZERO,5410,441,0,0.000000,0,4851,3,우리나라와 한국은 시간차이가 얼마나 날까?
ZERO,5412,1318,0,0.000000,0,38143,272,한국에서 갑자기 아플 때
ZERO,5420,239,0,0.000000,0,13054,202,2023首爾車站交通懶人包
ZERO,5433,248,0,0.000000,0,25250,65,來韓國買不划算的商品
ZERO,5439,127,0,0.000000,0,71075,285,春季大衣去哪買
ZERO,5448,408,0,0.000000,0,50116,7,韓國平均薪資數據整理
ZERO,5486,172,0,0.000000,1,22425,35,[집토스] 부동산 중개서비스 - 한국에서 집 구하기
ZERO,5495,142,0,0.000000,2,7632,55,덕수궁
ZERO,5507,392,0,0.000000,7,42353,403,홍대  명동  연세  건대｜M PlayGround 엠플레이그라운드
ZERO,5518,499,0,0.000000,0,18852,233,韓國便利商店機器教學
ZERO,5523,823,0,0.000000,0,56037,334,韓國自助換錢機「WOW Exchange」
ZERO,5563,160,0,0.000000,2,9741,35,[트래볼루션] 실내동물원｜주렁주렁(zoolungzoolung)
ZERO,5614,136,0,0.000000,10,6083,61,2026韓國9間香水DIY工坊推薦
ZERO,5621,159,0,0.000000,1,7230,77,釜山「新世界Spaland汗蒸幕」探訪
ZERO,5624,282,0,0.000000,1,9155,67,콩밭에 남포점
ZERO,5661,173,0,0.000000,0,2827,1,
ZERO,5665,138,0,0.000000,0,1252,3,
ZERO,5667,106,0,0.000000,0,352,2,
ZERO,5680,925,0,0.000000,0,2225,11,
ZERO,5681,354,0,0.000000,1,11087,94,弘大「弘's小章魚」食記
ZERO,5682,279,0,0.000000,0,1462,5,
ZERO,5683,159,0,0.000000,0,612,3,
ZERO,5684,997,0,0.000000,0,17551,181,弘大「豬腳小姐」菜單/食記
ZERO,5689,247,0,0.000000,0,34622,250,弘大醬蟹「弘益醬蟹」探訪/菜單
ZERO,5708,5908,0,0.000000,2,799,41,
ZERO,5711,275,0,0.000000,1,18397,176,홍대맛집｜토끼정
ZERO,5731,464,0,0.000000,0,11913,58,益善洞咖啡廳「MIL Toast House」資訊/探訪記
ZERO,5734,288,0,0.000000,0,49805,94,韓國千元(₩1 000)的幸福
ZERO,5751,475,0,0.000000,0,45281,396,백종원 식당 총정리
ZERO,5752,340,0,0.000000,1,7894,54,명동 가나안경원
ZERO,5761,117,0,0.000000,1,10844,100,부산 루프탑 카페   |   웨이브온 커피(Waveon Coffee)　
ZERO,5762,107,0,0.000000,0,4614,43,女友視角 | 乙支路篇
ZERO,5765,422,0,0.000000,0,20616,72,「Ashley Buffet」探訪
ZERO,5784,249,0,0.000000,1,6630,86,해운대 맛집 |  100세낙지
ZERO,5829,206,0,0.000000,1,4164,31,감천문화마을 맛집｜더플레이트
ZERO,5839,195,0,0.000000,1,5762,64,부산맛집 | 서울원조삼계탕
ZERO,5846,194,0,0.000000,0,19227,184,弘大「橋村炸雞」探訪
ZERO,5873,727,0,0.000000,0,17706,183,弘大「二代祖馬鈴薯排骨湯」探訪
ZERO,5908,142,0,0.000000,0,2450,13,Gentle Monster Bukchon flagship store
ZERO,5909,216,0,0.000000,0,9861,73,(제휴종료)택이네조개전골 종로점
ZERO,5962,147,0,0.000000,0,3794,30,釜山西面Object探訪
ZERO,5986,809,0,0.000000,0,18971,42,2022韓國賞櫻懶人包
ZERO,5989,203,0,0.000000,0,30020,137,2022首爾在地景點懶人包
ZERO,6044,146,0,0.000000,0,18566,213,首爾「美食一條街」懶人包
ZERO,6048,124,0,0.000000,0,7830,77,弘大早午餐「Butter Milk」探訪
ZERO,6105,362,0,0.000000,0,5335,13,'20 진해군항제 벚꽃축제
ZERO,6115,404,0,0.000000,0,19588,158,弘大手機殼店推薦/購買攻略
ZERO,6116,216,0,0.000000,0,8163,48,弘大「草莓牛奶」探訪
ZERO,6118,252,0,0.000000,0,7278,64,明洞「安東燉雞」探訪
ZERO,6204,1380,0,0.000000,0,19215,43,明洞鞋子賣場整理
ZERO,6338,769,0,0.000000,0,16257,1,韓國性行為避孕/戴套比例
ZERO,6407,213,0,0.000000,1,1887,49,[트래볼루션] KR PASS (KTX) - 코레일패스
ZERO,6456,516,0,0.000000,2,3088,39,(제휴종료)명동맛집｜미쓰족발
ZERO,6492,636,0,0.000000,0,2892,40,2023西面咖啡廳懶人包
ZERO,6497,117,0,0.000000,0,1124,18,최고급 한우 싸게 먹는 방법!ㅣ 오빠가 알려줄게
ZERO,6501,184,0,0.000000,0,4298,41,동대문 맛집  |  교촌치킨 동대문1호점 
ZERO,6502,120,0,0.000000,1,3329,57,광장시장 | 성우육회
ZERO,6525,906,0,0.000000,0,94701,9,韓劇收視率歷年排名整理(有線台)
ZERO,6546,117,0,0.000000,0,1493,0,List of Cancelled Flights in Korea
ZERO,6560,139,0,0.000000,0,25038,4,韓國「四大公共財」盤點
ZERO,6590,139,0,0.000000,1,890,38,에이엠톤 본점
ZERO,6655,527,0,0.000000,0,8863,50,首爾「恩平韓屋村」探訪
ZERO,6690,260,0,0.000000,1,4556,49,bbq 명동스타점
ZERO,6702,129,0,0.000000,0,27442,10,韓網票選大創超雷商品
ZERO,6721,862,0,0.000000,0,71619,65,《梨泰院Class》拍攝地總整理
ZERO,6760,278,0,0.000000,0,753,9,Vegan Options At Korean Convenience Stores
ZERO,6762,104,0,0.000000,0,12630,23,梨泰院「甜夜」探訪
ZERO,6772,743,0,0.000000,0,34759,4,韓國古裝劇稱謂整理
ZERO,6829,130,0,0.000000,0,5945,81,弘大延南洞文創小店探訪
ZERO,6854,221,0,0.000000,0,2971,0,Joseon Dynasty Hats And Hairstyles As Seen On Netflix's Kingdom
ZERO,6881,307,0,0.000000,0,268,0,
ZERO,6896,177,0,0.000000,0,98,0,
ZERO,6918,276,0,0.000000,0,11361,92,首爾超便宜美食推薦
ZERO,6931,150,0,0.000000,0,102261,14,2021Netflix韓國電影推薦
ZERO,6943,444,0,0.000000,0,13863,9,10 Korean Actors with the Most Followers
ZERO,6946,131,0,0.000000,0,1480,18,[케이투어스토리] 포항 일일여행
ZERO,6957,126,0,0.000000,0,13450,43,NCT餐廳踩點
ZERO,7026,292,0,0.000000,0,6806,4,Top 10 Korean YouTubers 
ZERO,7115,163,0,0.000000,0,192,0,
ZERO,7132,293,0,0.000000,1,6744,7,배스킨라빈스 케이크 배달
ZERO,7134,412,0,0.000000,0,59178,18,韓星減肥菜單
ZERO,7138,187,0,0.000000,0,12226,20,Life Story of BTS SUGA
ZERO,7229,116,0,0.000000,0,18860,26,BTS Tour | Top 8 Places in Korea
ZERO,7241,180,0,0.000000,0,139,0,
ZERO,7278,1465,0,0.000000,0,2055,97,韓國地鐵「寄物櫃查詢」App教學
