Product Id	Title	Locations	Languages	Ads Status	Admission Free Listing Status	Experience Free Listing Status	Tour Operator Free Listing Status	Brand	Maps Referrals (last 28 days)	Search Referrals (last 28 days)
13113	Sejong Bear Tree Park	Bear Tree Park	deenesfriditjakomnruthvizh-CNzh-HKzh-TW	Eligible	Eligible	Eligible	Not Approved		17	41
6418	Lotte World Full Day Pass | Special Discounted Price	Lotte World	deenesfriditjakomnruthvizh-CNzh-HKzh-TW	Eligible	Eligible	Eligible	Not Approved		0	7
14267	War Memorial of Korea Walking Tour | Seoul	War Memorial of Korea	deenesfriditjakomnruthvizh-CNzh-HKzh-TW	Eligible	Eligible	Eligible	Not Approved		5	6
13877	Busan Beach Train + Haedong Yonggungsa Temple + Songjeong Beach + Songdo Skywalk + Gamcheon Culture Village Day Tour | Busan Departure	Haedong Yonggungsa Temple	deenesfriditjakomnruthvizh-CNzh-HKzh-TW	Eligible	Eligible	Eligible	Not Approved		13	5
13455	Blue Line Park Sky Capsule + Oryukdo + Huinnyeoul Culture Village + Gamcheon Day Tour | Busan Departure	Haeundae Blueline Park - Cheon	deenesfriditjakomnruthvizh-CNzh-HKzh-TW	Not Approved	Not Approved	Not Approved	Not Approved		26	4
13207	Korean Folk Village & Suwon Hwaseong Fortress Day Tour | Seoul Departure	Suwon Hwaseong Fortress	deenesfriditjakomnruthvizh-CNzh-HKzh-TW	Eligible	Not Approved	Eligible	Not Approved		12	4
9	Nami Island + Seoraksan Day Tour | Seoul Departure	Nami Island	deenesfriditjakomnruthvizh-CNzh-HKzh-TW	Eligible	Eligible	Eligible	Not Approved		16	4
11254	SEA LIFE COEX, Seoul Aquarium Admission Ticket	SEA LIFE COEX	deenesfriditjakomnruthvizh-CNzh-HKzh-TW	Eligible	Eligible	Eligible	Not Approved		2	4
13097	Nami Island Admission Pass | Round-trip Ferry Ride Included	Nami Island	deenesfriditjakomnruthvizh-CNzh-HKzh-TW	Eligible	Eligible	Eligible	Not Approved		4	3
11350	Everland Full-Day Pass | Book Everland Tickets	Everland	deenesfriditjakomnruthvizh-CNzh-HKzh-TW	Eligible	Eligible	Eligible	Not Approved		5	3
11522	Han River Yacht Experience	Golden Blue Marina	deenesfriditjakomnruthvizh-CNzh-HKzh-TW	Eligible	Not Approved	Eligible	Not Approved		0	2
11541	Aqua Planet Ilsan Admission Ticket	Aqua Planet ILSAN	deenesfriditjakomnruthvizh-CNzh-HKzh-TW	Eligible	Eligible	Eligible	Not Approved		1	2
13144	Alpaca World + Nami Island + Gangchon Rail Bike Day Tour | Seoul Departure	Nami Island	deenesfriditjakomnruthvizh-CNzh-HKzh-TW	Eligible	Eligible	Eligible	Not Approved		3	2
13235	Alpaca World + Nami Island Day Tour | Seoul Departure	Alpaca World	deenesfriditjakomnruthvizh-CNzh-HKzh-TW	Eligible	Eligible	Eligible	Not Approved		3	2
12986	Daegu Temple Stay 1 Night & 2 Days Private Tour | Daegu Departure	운문사 대웅보전	deenesfriditjakomnruthvizh-CNzh-HKzh-TW	Not Approved	Not Approved	Not Approved	Not Approved		0	2
13631	Jeju Tour (South Course) | Jeju Departure	CORE TRAVEL	deenesfriditjakomnruthvizh-CNzh-HKzh-TW	Eligible	Not Approved	Eligible	Not Approved		3	2
11519	Danyang Paragliding	단양패러글라이딩	deenesfriditjakomnruthvizh-CNzh-HKzh-TW	Eligible	Not Approved	Not Approved	Not Approved		0	1
12876	Seoul Land Admission Packages	Seoulland	deenesfriditjakomnruthvizh-CNzh-HKzh-TW	Eligible	Eligible	Eligible	Not Approved		0	1
12957	Gyeongbokgung Morning Tour with Guide	온라인투어	deenesfriditjakomnruthvizh-CNzh-HKzh-TW	Eligible	Not Approved	Eligible	Not Approved		0	1
13236	Alpaca World + Nami Island + The Garden of Morning Calm Day Tour | Seoul Departure	Alpaca World	deenesfriditjakomnruthvizh-CNzh-HKzh-TW	Eligible	Eligible	Eligible	Not Approved		1	1
11463	Incheon Tour B (Ganghwa Luge+Traditional Meal+Joyang Textile Factory+Sochang Fabric Center+Ganghwa Folk Market+Lotte Premium Outlet+Gimbap Making+Odus	Ganghwa Luge	deenesfriditjakomnruthvizh-CNzh-HKzh-TW	Eligible	Eligible	Eligible	Not Approved		3	1
13173	Enjoy the top attractions with Busan City + Yacht Tour | Busan Departure	Haedong Yonggungsa Temple	deenesfriditjakomnruthvizh-CNzh-HKzh-TW	Eligible	Not Approved	Eligible	Not Approved		10	1
14542	Lotte World + Seoul Suburbs Day Tour | Seoul Departure	Lotte World	deenesfriditjakomnruthvizh-CNzh-HKzh-TW	Eligible	Not Approved	Eligible	Not Approved		1	1
13730	Strawberry Picking + Vivaldi Park Sledding + Eobi Ice Valley Tour | Seoul Departure	Eobi Ice Valley	deenesfriditjakomnruthvizh-CNzh-HKzh-TW	Not Approved	Not Approved	Not Approved	Not Approved		0	1
8094	Lotte Tower Seoul Sky Observatory Ticket	Seoul Sky	deenesfriditjakomnruthvizh-CNzh-HKzh-TW	Eligible	Eligible	Eligible	Not Approved		0	1
12925	Seoul Night Tour: Bugak Skyway & Naksan Park Course	Bugak Palgakjeong	deenesfriditjakomnruthvizh-CNzh-HKzh-TW	Not Approved	Not Approved	Not Approved	Not Approved		1	1
13006	Deoksugung Palace Morning/Night Tour with Guide	Deoksugung Palace	deenesfriditjakomnruthvizh-CNzh-HKzh-TW	Eligible	Eligible	Eligible	Not Approved		5	1
13152	Incheon Open Port + Wolmi Sea Train + Cruise + Railbike Day Tour	Incheon Open Port Street	deenesfriditjakomnruthvizh-CNzh-HKzh-TW	Eligible	Eligible	Eligible	Not Approved		0	1
6097	Nami Island + Garden of Morning Calm Day Tour | Seoul Departure	Garden of Morning Calm	deenesfriditjakomnruthvizh-CNzh-HKzh-TW	Eligible	Eligible	Eligible	Not Approved		9	1
11401	Incheon Day Tour A | Seoul Departure	Ganghwa Luge	deenesfriditjakomnruthvizh-CNzh-HKzh-TW	Eligible	Eligible	Eligible	Not Approved		0	1
14254	Nami Island Admission Pass (Round-trip Ferry Ride Included)  + Nami Island Shuttle Bus From Seoul - Return Trip		deenesfriditjakomnruthvizh-CNzh-HKzh-TW	Not Approved	Not Approved	Not Approved	Not Approved		0	0
13115	Hotspring + Joyang Textile + Pungmul Market + Hanok Cathedral Private Tour	Ganghwa Pungmul Market	deenesfriditjakomnruthvizh-CNzh-HKzh-TW	Eligible	Not Approved	Not Approved	Not Approved		0	0
13167	Korean Traditional Folk Painting with Stories of Seoul		deenesfriditjakomnruthvizh-CNzh-HKzh-TW	Eligible	Not Approved	Not Approved	Not Approved		0	0
12922	Walking Tour around Baekje's Capital, Seoul (Mongchontoseong ~ Seokchon-dong Ancient Tombs)	Mongchontoseong Fortress	deenesfriditjakomnruthvizh-CNzh-HKzh-TW	Eligible	Eligible	Eligible	Not Approved		0	0
13135	The Yacht Tour | Busan Public Yacht Experience	The Yacht	deenesfriditjakomnruthvizh-CNzh-HKzh-TW	Not Approved	Not Approved	Not Approved	Not Approved		0	0
14581	DMZ + UNESCO Cultural Heritage Day Tour | Seoul Departure	DMZ生態観光支援センター	deenesfriditjakomnruthvizh-CNzh-HKzh-TW	Eligible	Not Approved	Eligible	Not Approved		0	0
12850	SCENT M.O.M.O. | Hongdae DIY Perfume		deenesfriditjakomnruthvizh-CNzh-HKzh-TW	Not Approved	Not Approved	Not Approved	Not Approved		0	0
13728	Incheon x Gyeonggi Winter Hotspot Day Tour | Seoul Departure	원마운트	deenesfriditjakomnruthvizh-CNzh-HKzh-TW	Eligible	Not Approved	Eligible	Not Approved		0	0
12752	Dynamic Maze Admission Ticket	Alive Museum, Insadong Branch	deenesfriditjakomnruthvizh-CNzh-HKzh-TW	Eligible	Eligible	Eligible	Not Approved		0	0
2	Seorak Mountain + Naksan Temple Day Tour | Seoul Departure	Seoraksan	deenesfriditjakomnruthvizh-CNzh-HKzh-TW	Eligible	Not Approved	Eligible	Not Approved		1	0
12879	Running Man Experience | Gangneung	런닝맨 강릉점	deenesfriditjakomnruthvizh-CNzh-HKzh-TW	Not Approved	Not Approved	Not Approved	Not Approved		0	0
13164	Hantan River UNESCO Geopark + Pocheon Highlights Tour (Y-Bridge, Pink Sand, Art Valley)	Pocheon Art Valley	deenesfriditjakomnruthvizh-CNzh-HKzh-TW	Eligible	Eligible	Eligible	Not Approved		0	0
13468	Pocheon Alcohol Museum + Herb Island + Pocheon Art Valley | Day Tour	허브아일랜드 허브박물관	deenesfriditjakomnruzh-CNzh-HKzh-TW	Eligible	Not Approved	Eligible	Not Approved		0	0
12884	Yeosu Aqua Planet & Helga Stentzel Exhibition Tickets | Exclusively for Foreigners	Aqua Planet Yeosu	deenesfriditjakomnruthvizh-CNzh-HKzh-TW	Eligible	Eligible	Eligible	Not Approved		0	0
12916	Paju Byukchoji Gardens + Provence Village + Heyri Art Village	Byukchoji Gardens	deenesfriditjakomnruthvizh-CNzh-HKzh-TW	Eligible	Eligible	Eligible	Not Approved		1	0
11239	N Seoul Tower | Observatory Admission Ticket	N Seoul Tower	deenesfriditjakomnruthvizh-CNzh-HKzh-TW	Not Approved	Not Approved	Not Approved	Not Approved		7	0
13755	Gapyeong Edelweiss Swiss Theme Park + Nami Island + Dumulmeori Private Day Tour | Seoul Departure	Edelweiss Swiss Theme Park	deenesfriditjakomnruzh-CNzh-HKzh-TW	Eligible	Not Approved	Eligible	Not Approved		1	0
13168	Naksan Park Hiking and Local Food Experience | Night Tour	Naksan Park	deenesfriditjakomnruthvizh-CNzh-HKzh-TW	Eligible	Not Approved	Eligible	Not Approved		0	0
13148	Nami Island + Petite France & Italian Village + Gangchon Rail Bike + The Garden of Morning Calm Day Tour | Seoul Departure	Nami Island	deenesfriditjakomnruthvizh-CNzh-HKzh-TW	Eligible	Eligible	Eligible	Not Approved		0	0
11303	Kimchi Academy	Kimchi Academy	deenesfriditjakomnruthvizh-CNzh-HKzh-TW	Eligible	Eligible	Eligible	Not Approved		0	0
14243	'Yours, Vincent' 3D Van Gogh Exhibition | The Cave Seoul	더 케이브 서울 (The CAVE Seoul)	deenesfriditjakomnruthvizh-CNzh-HKzh-TW	Eligible	Not Approved	Not Approved	Not Approved		0	0
7443	Nami Island + Rail Bike + Petite France + Italian Village Day Tour | Seoul Departure	Petite France	deenesfriditjakomnruthvizh-CNzh-HKzh-TW	Eligible	Eligible	Eligible	Not Approved		3	0
12878	Running Man Experience | Busan	Running Man Busan	deenesfriditjakomnruthvizh-CNzh-HKzh-TW	Eligible	Eligible	Eligible	Not Approved		2	0
7441	Nami Island + Petit France + Italian Village Day Tour | Seoul Departure	Nami Island	deenesfriditjakomnruthvizh-CNzh-HKzh-TW	Eligible	Eligible	Eligible	Not Approved		0	0
12872	Han River Cruise | Yeouido E-land Cruise	E-Land Cruise	deenesfriditjakomnruthvizh-CNzh-HKzh-TW	Eligible	Not Approved	Eligible	Not Approved		0	0
13177	Cheorwon DMZ Day Tour | Seoul Departure		deenesfriditjakomnruthvizh-CNzh-HKzh-TW	Eligible	Not Approved	Eligible	Not Approved		6	0
13471	Paju Day Tour A | Seoul Departure	동막해변	deenesfriditjakomnruzh-CNzh-HKzh-TW	Eligible	Not Approved	Eligible	Not Approved		0	0
11934	Combat Battle Taekwondo | Daegu	아이캔늘품태권도장(I CAN TAEKWONDO)	deenesfriditjakomnruthvizh-CNzh-HKzh-TW	Eligible	Not Approved	Not Approved	Not Approved		0	0
13765	Gyeonggido Seohaerang Jebu Marine Cable Car + Jebudo + Uiwang Rail Bike + Gwangmyeong Cave Day Tour | Seoul Departure	제부도해상케이블카 서해랑 제부정류장	deenesfriditjakomnruzh-CNzh-HKzh-TW	Eligible	Not Approved	Eligible	Not Approved		0	0
13414	Gangwon Travel (Jade Garden + Nami Island + Petite France) | Day Trip	Petite France	deenesfriditjakomnruvizh-CNzh-HKzh-TW	Not Approved	Not Approved	Not Approved	Not Approved		0	0
13064	Cheongyang Alps Village Ice Fountain Festival + Winter Activities Day Tour (Departing from Seoul)	알프스마을	deenesfriditjakomnruthvizh-CNzh-HKzh-TW	Not Approved	Not Approved	Not Approved	Not Approved		0	0
13020	Figure Museum W | Book tickets	Figure Museum W	deenesfriditjakomnruthvizh-CNzh-HKzh-TW	Eligible	Eligible	Eligible	Not Approved		0	0
11263	The Nanta Show in Myeongdong	Myeongdong NANTA Theatre	deenesfriditjakomnruthvizh-CNzh-HKzh-TW	Eligible	Not Approved	Not Approved	Not Approved		0	0
12984	Peace Gondola + Gamaksan Suspension Bridge DMZ Tour | Seoul Departure	Imjingak Tourist Information C	deenesfriditjakomnruthvizh-CNzh-HKzh-TW	Not Approved	Not Approved	Not Approved	Not Approved		0	0
13760	Chuncheon Legoland Private Tour (Luge World/Makguksu Making Experience/ Soyanggang Skywalk/ Strawberry Picking Experience) | Seoul Departure	Soyanggang Skywalk	deenesfriditjakomnruthvizh-CNzh-HKzh-TW	Not Approved	Not Approved	Not Approved	Not Approved		0	0
13566	Seoul Seasonal Hotspot Day Tour (Departing from Seoul) | Gamaksan Mountain & Eunpyeong Hanok Village & Haneul Park	Gamaksan	deenesfriditjakomnruthvizh-CNzh-HKzh-TW	Not Approved	Not Approved	Not Approved	Not Approved		0	0
10941	Insadong K-Art Center	Yhlayuen Seal Engraving Lab	deenesfriditjakomnruthvizh-CNzh-HKzh-TW	Eligible	Not Approved	Not Approved	Not Approved		0	0
11376	Gyeongju UNESCO World Heritage + Haeundae Sky Capsule Day Tour | Busan Departure	Bulguksa	deenesfriditjakomnruthvizh-CNzh-HKzh-TW	Eligible	Eligible	Eligible	Not Approved		4	0
12983	Seoraksan + Nami Island + Garden of Morning Calm Day Tour | Seoul Departure	Seoraksan National Park	deenesfriditjakomnruthvizh-CNzh-HKzh-TW	Eligible	Eligible	Eligible	Not Approved		0	0
12873	Yeouido E-Land Cruise (Han River Tour Cruise)	Yeouido Hangang Park	deenesfriditjakomnruthvizh-CNzh-HKzh-TW	Eligible	Not Approved	Eligible	Not Approved		3	0
11240	Nami Island + Petite France + Italia Village + Garden of Morning Calm Day Tour | Seoul Departure	Nami Island	deenesfriditjakomnruthvizh-CNzh-HKzh-TW	Not Approved	Not Approved	Not Approved	Not Approved		1	0
11370	Busan City Tour | Busan Departure	Gamcheon Culture Village	deenesfriditjakomnruthvizh-CNzh-HKzh-TW	Eligible	Not Approved	Not Approved	Not Approved		0	0
13054	mood'e Hair | Yongsan	Mudeue	deenesfriditjakomnruthvizh-CNzh-HKzh-TW	Eligible	Not Approved	Not Approved	Not Approved		0	0
13490	DMZ + Defector Interview One Day Tour (Seoul Hotel Pick-up)	Imjingak Tourist Information C	deenesfriditjakomnruthvizh-CNzh-HKzh-TW	Eligible	Not Approved	Eligible	Not Approved		0	0
7433	Nami Island + Gangchon Rail Park + Garden of Morning Calm Day Tour | Seoul Departure	Nami Island	deenesfriditjakomnruthvizh-CNzh-HKzh-TW	Eligible	Eligible	Eligible	Not Approved		1	0
11561	Yangpyeong Paragliding	꿀잼! 패러러브 양평 패러글라이딩 캠프!	deenesfriditjakomnruthvizh-CNzh-HKzh-TW	Not Approved	Not Approved	Not Approved	Not Approved		0	0
12998	Elysian Gangchon Winter Ski & Snowboard + Nami Island Day Tour (Departing from Seoul)	Elysian Gangchon Ski	deenesfriditjakomnruthvizh-CNzh-HKzh-TW	Eligible	Not Approved	Eligible	Not Approved		0	0
11824	Insadong Traditional Wedding Experience	Insa-dong Culture Street	deenesfriditjakomnruthvizh-CNzh-HKzh-TW	Eligible	Eligible	Eligible	Not Approved		1	0
13112	Goguryeo Blacksmith Village + Nami Island + Edelweiss Swiss Theme Park + Dumulmeori Private Tour	Goguryeo Blacksmith Village	deenesfriditjakomnruthvizh-CNzh-HKzh-TW	Eligible	Eligible	Eligible	Not Approved		0	0
12895	The Nanta Show in Jeju Island	Jeju NANTA	deenesfriditjakomnruthvizh-CNzh-HKzh-TW	Eligible	Not Approved	Not Approved	Not Approved		0	0
13472	Paju Day Tour B | Seoul Departure	Lotte Premium Outlet Paju	deenesfriditjakomnruzh-CNzh-HKzh-TW	Eligible	Not Approved	Eligible	Not Approved		2	0
13630	Jeju Tour (East Course) | Jeju Departure	Woljeongri Beach	deenesfriditjakomnruthvizh-CNzh-HKzh-TW	Eligible	Not Approved	Eligible	Not Approved		0	0
13039	DMZ Private Tour (Departing from Seoul) | 3rd Infiltration Tunnel & Dora Observatory & Unification Village	Imjingak Tourist Information C	deenesfriditjakomnruthvizh-CNzh-HKzh-TW	Eligible	Not Approved	Eligible	Not Approved		0	0
13879	Alpaca World + Nami Island + Samaksan Lake Cable Car Day Tour | Seoul Departure	Samaksan	deenesfriditjakomnruthvizh-CNzh-HKzh-TW	Eligible	Not Approved	Eligible	Not Approved		0	0
13000	Sono Vivaldi Park Ski & Snowboard + Eobi Ice Valley Day Tour | Seoul Departure	SONO FELICE VIVALDI PARK	deenesfriditjakomnruthvizh-CNzh-HKzh-TW	Eligible	Not Approved	Eligible	Not Approved		0	0
14491	Deep Station Free Diving One Day Tour | Seoul-Yongin	Deep Station	deenesfriditjakomnruthvizh-CNzh-HKzh-TW	Eligible	Not Approved	Not Approved	Not Approved		0	0
12763	Blue Arirang Myeongdong	Myeongdong BLUE ARIRANG Massag	deenesfriditjakomnruthvizh-CNzh-HKzh-TW	Eligible	Not Approved	Not Approved	Not Approved		0	0
